number_of_cities,index_of_sample,name_of_src_file           ,type_of_measurement,used_algorithm,full_cost         ,hamiltonian_cycle_cost,best_way                                               ,best_way_is_optimal,absolute_distance_error,relative_distance_error,optimal_way                                            ,optimal_cost      ,suffix                                           ,parameters                                                                                                                                               ,min_utilization_of_cpu,avg_utilization_of_cpu,std_utilization_of_cpu,max_utilization_of_cpu,time_duration_is_sec,used_memory_before_measurement_in_bytes,used_memory_peak_before_measurement_in_bytes,used_memory_after_measurement_in_bytes,used_memory_peak_after_measurement_in_bytes,used_memory_diff_before_after_measurement_in_bytes,used_memory_peak_diff_before_after_measurement_in_bytes,utilization_of_cpu
15              ,0              ,TSP_CITIES_SET_0_N_15.json ,TIME_AND_DATA      ,ant_colony    ,6310.965219419792 ,7581.241567306346     ,"[0, 6, 9, 11, 2, 1, 10, 14, 4, 7, 13, 8, 12, 3, 5, 0]",False              ,488.3220724296125      ,6.884641405874281      ,"[0, 9, 6, 3, 5, 11, 2, 1, 10, 14, 4, 7, 13, 8, 12, 0]",7092.919494876734 ,ACO_POP_100_ALPHA_0_7_BETA_1_9_RHO_0_7_NR_ITER_10,"{'suffix': 'ACO_POP_100_ALPHA_0_7_BETA_1_9_RHO_0_7_NR_ITER_10', 'size_of_population': 100, 'alpha': 0.7, 'beta': 1.9, 'rho': 0.7, 'max_iterations': 10}",99.4                  ,99.96666666666665     ,0.3807886552931918    ,100.3                 ,1.0471327999999995  ,nan                                    ,nan                                         ,nan                                   ,nan                                        ,nan                                               ,nan                                                    ,"[99.7, 100.3, 99.4, 100.0, 100.3, 100.0, 100.3, 99.4, 100.3]"
15              ,1              ,TSP_CITIES_SET_1_N_15.json ,TIME_AND_DATA      ,ant_colony    ,6433.6666253952135,7745.662052216511     ,"[0, 8, 13, 3, 5, 7, 14, 2, 11, 9, 6, 1, 10, 4, 12, 0]",False              ,291.8032164208671      ,3.9147939724796155     ,"[0, 13, 3, 5, 12, 4, 10, 1, 6, 9, 11, 2, 14, 7, 8, 0]",7453.858835795644 ,ACO_POP_100_ALPHA_0_7_BETA_1_9_RHO_0_7_NR_ITER_10,"{'suffix': 'ACO_POP_100_ALPHA_0_7_BETA_1_9_RHO_0_7_NR_ITER_10', 'size_of_population': 100, 'alpha': 0.7, 'beta': 1.9, 'rho': 0.7, 'max_iterations': 10}",99.4                  ,100.0                 ,0.4647580015448856    ,100.3                 ,0.7479266000000004  ,nan                                    ,nan                                         ,nan                                   ,nan                                        ,nan                                               ,nan                                                    ,"[100.3, 100.3, 99.4, 100.3, 100.3, 99.4]"
15              ,2              ,TSP_CITIES_SET_2_N_15.json ,TIME_AND_DATA      ,ant_colony    ,6844.549056517694 ,8209.881250527636     ,"[0, 7, 13, 1, 6, 2, 14, 3, 9, 5, 4, 10, 11, 12, 8, 0]",False              ,483.75556458287065     ,6.261295560631513      ,"[0, 13, 12, 8, 11, 10, 4, 5, 9, 3, 14, 2, 6, 1, 7, 0]",7726.125685944766 ,ACO_POP_100_ALPHA_0_7_BETA_1_9_RHO_0_7_NR_ITER_10,"{'suffix': 'ACO_POP_100_ALPHA_0_7_BETA_1_9_RHO_0_7_NR_ITER_10', 'size_of_population': 100, 'alpha': 0.7, 'beta': 1.9, 'rho': 0.7, 'max_iterations': 10}",99.4                  ,99.85000000000001     ,0.4929503017546448    ,100.3                 ,0.7406177999999999  ,nan                                    ,nan                                         ,nan                                   ,nan                                        ,nan                                               ,nan                                                    ,"[99.4, 100.3, 100.3, 99.4, 100.3, 99.4]"
15              ,3              ,TSP_CITIES_SET_3_N_15.json ,TIME_AND_DATA      ,ant_colony    ,5909.772757607141 ,6845.3495850243235    ,"[0, 9, 1, 10, 8, 7, 14, 2, 6, 13, 4, 11, 12, 3, 5, 0]",True               ,0.0                    ,0.0                    ,"[0, 9, 1, 10, 8, 7, 14, 2, 6, 13, 4, 11, 12, 3, 5, 0]",6845.3495850243235,ACO_POP_100_ALPHA_0_7_BETA_1_9_RHO_0_7_NR_ITER_10,"{'suffix': 'ACO_POP_100_ALPHA_0_7_BETA_1_9_RHO_0_7_NR_ITER_10', 'size_of_population': 100, 'alpha': 0.7, 'beta': 1.9, 'rho': 0.7, 'max_iterations': 10}",99.4                  ,99.95                 ,0.4415880433163882    ,100.3                 ,0.7462159000000002  ,nan                                    ,nan                                         ,nan                                   ,nan                                        ,nan                                               ,nan                                                    ,"[100.3, 99.4, 100.3, 100.3, 100.0, 99.4]"
15              ,4              ,TSP_CITIES_SET_4_N_15.json ,TIME_AND_DATA      ,ant_colony    ,6016.1207658412095,6719.707292147676     ,"[0, 3, 9, 4, 10, 2, 12, 1, 14, 11, 6, 8, 7, 13, 5, 0]",True               ,0.0                    ,0.0                    ,"[0, 5, 13, 7, 8, 6, 11, 14, 1, 12, 2, 10, 4, 9, 3, 0]",6719.707292147677 ,ACO_POP_100_ALPHA_0_7_BETA_1_9_RHO_0_7_NR_ITER_10,"{'suffix': 'ACO_POP_100_ALPHA_0_7_BETA_1_9_RHO_0_7_NR_ITER_10', 'size_of_population': 100, 'alpha': 0.7, 'beta': 1.9, 'rho': 0.7, 'max_iterations': 10}",99.4                  ,100.0                 ,0.4647580015448856    ,100.3                 ,0.7424420999999999  ,nan                                    ,nan                                         ,nan                                   ,nan                                        ,nan                                               ,nan                                                    ,"[100.3, 100.3, 99.4, 100.3, 99.4, 100.3]"
15              ,5              ,TSP_CITIES_SET_5_N_15.json ,TIME_AND_DATA      ,ant_colony    ,6372.6480537752905,7489.610452426203     ,"[0, 11, 6, 1, 7, 8, 10, 12, 4, 14, 13, 5, 9, 3, 2, 0]",True               ,0.0                    ,0.0                    ,"[0, 2, 3, 9, 5, 13, 14, 4, 12, 10, 8, 7, 1, 6, 11, 0]",7489.610452426205 ,ACO_POP_100_ALPHA_0_7_BETA_1_9_RHO_0_7_NR_ITER_10,"{'suffix': 'ACO_POP_100_ALPHA_0_7_BETA_1_9_RHO_0_7_NR_ITER_10', 'size_of_population': 100, 'alpha': 0.7, 'beta': 1.9, 'rho': 0.7, 'max_iterations': 10}",99.4                  ,100.0                 ,0.4647580015448856    ,100.3                 ,0.7321748999999995  ,nan                                    ,nan                                         ,nan                                   ,nan                                        ,nan                                               ,nan                                                    ,"[100.3, 99.4, 100.3, 100.3, 99.4, 100.3]"
15              ,6              ,TSP_CITIES_SET_6_N_15.json ,TIME_AND_DATA      ,ant_colony    ,6643.275094880101 ,7836.099055068695     ,"[0, 7, 9, 10, 4, 11, 6, 13, 3, 2, 14, 12, 5, 8, 1, 0]",False              ,489.5033994933692      ,6.662996337928105      ,"[0, 5, 8, 1, 12, 14, 2, 3, 13, 6, 11, 4, 10, 9, 7, 0]",7346.5956555753255,ACO_POP_100_ALPHA_0_7_BETA_1_9_RHO_0_7_NR_ITER_10,"{'suffix': 'ACO_POP_100_ALPHA_0_7_BETA_1_9_RHO_0_7_NR_ITER_10', 'size_of_population': 100, 'alpha': 0.7, 'beta': 1.9, 'rho': 0.7, 'max_iterations': 10}",99.4                  ,100.0                 ,0.4647580015448856    ,100.3                 ,0.7614357999999997  ,nan                                    ,nan                                         ,nan                                   ,nan                                        ,nan                                               ,nan                                                    ,"[100.3, 99.4, 100.3, 99.4, 100.3, 100.3]"
15              ,7              ,TSP_CITIES_SET_7_N_15.json ,TIME_AND_DATA      ,ant_colony    ,5832.8106168866925,6880.7438208648855    ,"[0, 14, 10, 7, 8, 12, 6, 2, 1, 5, 9, 11, 13, 4, 3, 0]",False              ,315.200105593789       ,4.800822586264268      ,"[0, 10, 7, 8, 12, 6, 2, 1, 5, 9, 11, 13, 4, 3, 14, 0]",6565.5437152710965,ACO_POP_100_ALPHA_0_7_BETA_1_9_RHO_0_7_NR_ITER_10,"{'suffix': 'ACO_POP_100_ALPHA_0_7_BETA_1_9_RHO_0_7_NR_ITER_10', 'size_of_population': 100, 'alpha': 0.7, 'beta': 1.9, 'rho': 0.7, 'max_iterations': 10}",99.4                  ,100.0                 ,0.4647580015448856    ,100.3                 ,0.7461435000000005  ,nan                                    ,nan                                         ,nan                                   ,nan                                        ,nan                                               ,nan                                                    ,"[100.3, 100.3, 99.4, 100.3, 99.4, 100.3]"
15              ,8              ,TSP_CITIES_SET_8_N_15.json ,TIME_AND_DATA      ,ant_colony    ,6244.253859187076 ,7265.270019686018     ,"[0, 10, 8, 9, 2, 11, 12, 5, 7, 14, 3, 1, 4, 6, 13, 0]",False              ,83.8409435570884       ,1.1674687958107905     ,"[0, 12, 5, 7, 14, 3, 1, 4, 6, 13, 9, 2, 11, 8, 10, 0]",7181.429076128929 ,ACO_POP_100_ALPHA_0_7_BETA_1_9_RHO_0_7_NR_ITER_10,"{'suffix': 'ACO_POP_100_ALPHA_0_7_BETA_1_9_RHO_0_7_NR_ITER_10', 'size_of_population': 100, 'alpha': 0.7, 'beta': 1.9, 'rho': 0.7, 'max_iterations': 10}",99.4                  ,100.05                ,0.39874804074753395   ,100.3                 ,0.7390777000000006  ,nan                                    ,nan                                         ,nan                                   ,nan                                        ,nan                                               ,nan                                                    ,"[100.3, 99.7, 100.3, 100.3, 99.4, 100.3]"
15              ,9              ,TSP_CITIES_SET_9_N_15.json ,TIME_AND_DATA      ,ant_colony    ,6127.40030361311  ,7251.651165298348     ,"[0, 5, 11, 2, 6, 13, 3, 9, 4, 10, 12, 14, 1, 8, 7, 0]",False              ,222.67716059355553     ,3.1679895308263797     ,"[0, 2, 6, 13, 3, 9, 4, 10, 12, 14, 1, 8, 7, 5, 11, 0]",7028.974004704793 ,ACO_POP_100_ALPHA_0_7_BETA_1_9_RHO_0_7_NR_ITER_10,"{'suffix': 'ACO_POP_100_ALPHA_0_7_BETA_1_9_RHO_0_7_NR_ITER_10', 'size_of_population': 100, 'alpha': 0.7, 'beta': 1.9, 'rho': 0.7, 'max_iterations': 10}",99.4                  ,100.04285714285713    ,0.43915503282683577   ,100.3                 ,0.7797477999999995  ,nan                                    ,nan                                         ,nan                                   ,nan                                        ,nan                                               ,nan                                                    ,"[100.3, 99.4, 100.3, 100.3, 99.4, 100.3, 100.3]"
15              ,10             ,TSP_CITIES_SET_10_N_15.json,TIME_AND_DATA      ,ant_colony    ,6365.781223112901 ,7530.673063585655     ,"[0, 7, 11, 4, 8, 12, 13, 10, 9, 1, 3, 5, 6, 14, 2, 0]",False              ,301.8065962756         ,4.175019660971905      ,"[0, 7, 4, 11, 2, 14, 6, 5, 3, 1, 9, 13, 10, 12, 8, 0]",7228.866467310055 ,ACO_POP_100_ALPHA_0_7_BETA_1_9_RHO_0_7_NR_ITER_10,"{'suffix': 'ACO_POP_100_ALPHA_0_7_BETA_1_9_RHO_0_7_NR_ITER_10', 'size_of_population': 100, 'alpha': 0.7, 'beta': 1.9, 'rho': 0.7, 'max_iterations': 10}",99.4                  ,100.05                ,0.39874804074753395   ,100.3                 ,0.7400812000000001  ,nan                                    ,nan                                         ,nan                                   ,nan                                        ,nan                                               ,nan                                                    ,"[100.3, 99.4, 100.3, 99.7, 100.3, 100.3]"
15              ,11             ,TSP_CITIES_SET_11_N_15.json,TIME_AND_DATA      ,ant_colony    ,5509.847030559038 ,6349.0621400512355    ,"[0, 2, 3, 11, 7, 12, 6, 9, 13, 4, 10, 1, 14, 5, 8, 0]",False              ,409.04963003541434     ,6.886342904929754      ,"[0, 10, 1, 14, 5, 8, 4, 2, 13, 9, 6, 12, 7, 11, 3, 0]",5940.012510015821 ,ACO_POP_100_ALPHA_0_7_BETA_1_9_RHO_0_7_NR_ITER_10,"{'suffix': 'ACO_POP_100_ALPHA_0_7_BETA_1_9_RHO_0_7_NR_ITER_10', 'size_of_population': 100, 'alpha': 0.7, 'beta': 1.9, 'rho': 0.7, 'max_iterations': 10}",99.4                  ,100.08333333333333    ,0.5636192568273923    ,100.8                 ,0.7390858999999996  ,nan                                    ,nan                                         ,nan                                   ,nan                                        ,nan                                               ,nan                                                    ,"[100.3, 100.3, 99.4, 100.8, 99.4, 100.3]"
15              ,12             ,TSP_CITIES_SET_12_N_15.json,TIME_AND_DATA      ,ant_colony    ,5829.480755124225 ,7077.1205268532285    ,"[0, 8, 5, 14, 11, 13, 7, 2, 6, 1, 9, 4, 12, 10, 3, 0]",False              ,291.6602267967428      ,4.298311594193763      ,"[0, 2, 7, 13, 11, 14, 5, 8, 10, 3, 12, 4, 9, 6, 1, 0]",6785.460300056486 ,ACO_POP_100_ALPHA_0_7_BETA_1_9_RHO_0_7_NR_ITER_10,"{'suffix': 'ACO_POP_100_ALPHA_0_7_BETA_1_9_RHO_0_7_NR_ITER_10', 'size_of_population': 100, 'alpha': 0.7, 'beta': 1.9, 'rho': 0.7, 'max_iterations': 10}",99.4                  ,99.91428571428571     ,0.48107023544235933   ,100.3                 ,0.8494582000000004  ,nan                                    ,nan                                         ,nan                                   ,nan                                        ,nan                                               ,nan                                                    ,"[99.4, 100.3, 100.3, 99.4, 100.3, 99.4, 100.3]"
15              ,13             ,TSP_CITIES_SET_13_N_15.json,TIME_AND_DATA      ,ant_colony    ,5736.240613850973 ,6399.470589048114     ,"[0, 5, 9, 8, 12, 4, 2, 3, 14, 7, 6, 11, 1, 13, 10, 0]",False              ,39.518030689162515     ,0.6213573187306808     ,"[0, 5, 10, 13, 1, 11, 6, 7, 14, 3, 2, 4, 12, 8, 9, 0]",6359.952558358951 ,ACO_POP_100_ALPHA_0_7_BETA_1_9_RHO_0_7_NR_ITER_10,"{'suffix': 'ACO_POP_100_ALPHA_0_7_BETA_1_9_RHO_0_7_NR_ITER_10', 'size_of_population': 100, 'alpha': 0.7, 'beta': 1.9, 'rho': 0.7, 'max_iterations': 10}",99.4                  ,99.96249999999999     ,0.40686080455815743   ,100.3                 ,0.8869943999999998  ,nan                                    ,nan                                         ,nan                                   ,nan                                        ,nan                                               ,nan                                                    ,"[100.0, 99.4, 99.7, 100.3, 100.3, 99.4, 100.3, 100.3]"
15              ,14             ,TSP_CITIES_SET_14_N_15.json,TIME_AND_DATA      ,ant_colony    ,6402.963489944863 ,7334.247012831422     ,"[0, 5, 1, 14, 9, 4, 2, 12, 3, 10, 8, 6, 11, 7, 13, 0]",False              ,197.78486188617535     ,2.7714693597860407     ,"[0, 1, 14, 9, 4, 2, 12, 3, 10, 8, 6, 11, 7, 13, 5, 0]",7136.462150945246 ,ACO_POP_100_ALPHA_0_7_BETA_1_9_RHO_0_7_NR_ITER_10,"{'suffix': 'ACO_POP_100_ALPHA_0_7_BETA_1_9_RHO_0_7_NR_ITER_10', 'size_of_population': 100, 'alpha': 0.7, 'beta': 1.9, 'rho': 0.7, 'max_iterations': 10}",99.4                  ,99.91428571428571     ,0.48107023544235933   ,100.3                 ,0.8406486000000002  ,nan                                    ,nan                                         ,nan                                   ,nan                                        ,nan                                               ,nan                                                    ,"[100.3, 99.4, 100.3, 100.3, 99.4, 100.3, 99.4]"
15              ,15             ,TSP_CITIES_SET_15_N_15.json,TIME_AND_DATA      ,ant_colony    ,5701.908857584702 ,6497.437612564683     ,"[0, 4, 2, 1, 9, 13, 3, 11, 6, 14, 12, 10, 7, 5, 8, 0]",True               ,0.0                    ,0.0                    ,"[0, 4, 2, 1, 9, 13, 3, 11, 6, 14, 12, 10, 7, 5, 8, 0]",6497.437612564682 ,ACO_POP_100_ALPHA_0_7_BETA_1_9_RHO_0_7_NR_ITER_10,"{'suffix': 'ACO_POP_100_ALPHA_0_7_BETA_1_9_RHO_0_7_NR_ITER_10', 'size_of_population': 100, 'alpha': 0.7, 'beta': 1.9, 'rho': 0.7, 'max_iterations': 10}",85.2                  ,98.1875               ,5.26346911673823      ,100.3                 ,0.8726602000000003  ,nan                                    ,nan                                         ,nan                                   ,nan                                        ,nan                                               ,nan                                                    ,"[100.3, 99.4, 100.3, 100.3, 99.4, 100.3, 85.2, 100.3]"
15              ,16             ,TSP_CITIES_SET_16_N_15.json,TIME_AND_DATA      ,ant_colony    ,6229.281001593831 ,6655.487524303187     ,"[0, 1, 5, 3, 14, 4, 10, 6, 13, 12, 9, 7, 11, 8, 2, 0]",True               ,0.0                    ,0.0                    ,"[0, 1, 5, 3, 14, 4, 10, 6, 13, 12, 9, 7, 11, 8, 2, 0]",6655.4875243031875,ACO_POP_100_ALPHA_0_7_BETA_1_9_RHO_0_7_NR_ITER_10,"{'suffix': 'ACO_POP_100_ALPHA_0_7_BETA_1_9_RHO_0_7_NR_ITER_10', 'size_of_population': 100, 'alpha': 0.7, 'beta': 1.9, 'rho': 0.7, 'max_iterations': 10}",99.4                  ,100.0                 ,0.4647580015448856    ,100.3                 ,0.7411895           ,nan                                    ,nan                                         ,nan                                   ,nan                                        ,nan                                               ,nan                                                    ,"[99.4, 100.3, 100.3, 99.4, 100.3, 100.3]"
15              ,17             ,TSP_CITIES_SET_17_N_15.json,TIME_AND_DATA      ,ant_colony    ,6189.7126522233675,7029.477500261198     ,"[0, 7, 5, 3, 12, 14, 13, 1, 4, 11, 8, 6, 9, 10, 2, 0]",False              ,102.93997725438021     ,1.4861679000865913     ,"[0, 2, 10, 8, 6, 9, 11, 4, 1, 13, 14, 12, 3, 5, 7, 0]",6926.5375230068175,ACO_POP_100_ALPHA_0_7_BETA_1_9_RHO_0_7_NR_ITER_10,"{'suffix': 'ACO_POP_100_ALPHA_0_7_BETA_1_9_RHO_0_7_NR_ITER_10', 'size_of_population': 100, 'alpha': 0.7, 'beta': 1.9, 'rho': 0.7, 'max_iterations': 10}",99.4                  ,99.95                 ,0.4415880433163882    ,100.3                 ,0.7328857000000002  ,nan                                    ,nan                                         ,nan                                   ,nan                                        ,nan                                               ,nan                                                    ,"[99.4, 100.3, 100.0, 99.4, 100.3, 100.3]"
15              ,18             ,TSP_CITIES_SET_18_N_15.json,TIME_AND_DATA      ,ant_colony    ,5226.26309348055  ,6207.731381302424     ,"[0, 3, 5, 13, 12, 7, 14, 1, 2, 10, 4, 11, 8, 6, 9, 0]",False              ,606.070140382486       ,10.819471480266692     ,"[0, 3, 5, 13, 12, 7, 14, 1, 2, 9, 6, 10, 4, 11, 8, 0]",5601.661240919938 ,ACO_POP_100_ALPHA_0_7_BETA_1_9_RHO_0_7_NR_ITER_10,"{'suffix': 'ACO_POP_100_ALPHA_0_7_BETA_1_9_RHO_0_7_NR_ITER_10', 'size_of_population': 100, 'alpha': 0.7, 'beta': 1.9, 'rho': 0.7, 'max_iterations': 10}",99.4                  ,99.89999999999999     ,0.4516635916254444    ,100.3                 ,0.7407427000000002  ,nan                                    ,nan                                         ,nan                                   ,nan                                        ,nan                                               ,nan                                                    ,"[100.3, 99.4, 100.3, 99.7, 100.3, 99.4]"
15              ,19             ,TSP_CITIES_SET_19_N_15.json,TIME_AND_DATA      ,ant_colony    ,5651.263307172253 ,6673.103314218366     ,"[0, 4, 2, 13, 9, 12, 5, 6, 7, 1, 14, 8, 10, 3, 11, 0]",False              ,264.7052045407363      ,4.13059863027224       ,"[0, 4, 2, 3, 11, 10, 8, 14, 1, 7, 6, 5, 12, 9, 13, 0]",6408.39810967763  ,ACO_POP_100_ALPHA_0_7_BETA_1_9_RHO_0_7_NR_ITER_10,"{'suffix': 'ACO_POP_100_ALPHA_0_7_BETA_1_9_RHO_0_7_NR_ITER_10', 'size_of_population': 100, 'alpha': 0.7, 'beta': 1.9, 'rho': 0.7, 'max_iterations': 10}",99.4                  ,99.85000000000001     ,0.4929503017546448    ,100.3                 ,0.7495482999999994  ,nan                                    ,nan                                         ,nan                                   ,nan                                        ,nan                                               ,nan                                                    ,"[99.4, 100.3, 100.3, 99.4, 100.3, 99.4]"
15              ,20             ,TSP_CITIES_SET_20_N_15.json,TIME_AND_DATA      ,ant_colony    ,6320.23405403861  ,7197.495702579113     ,"[0, 5, 13, 8, 4, 11, 12, 2, 3, 9, 6, 14, 7, 10, 1, 0]",False              ,212.84150209913332     ,3.047273293565586      ,"[0, 13, 5, 8, 4, 11, 12, 2, 3, 9, 6, 14, 7, 1, 10, 0]",6984.654200479979 ,ACO_POP_100_ALPHA_0_7_BETA_1_9_RHO_0_7_NR_ITER_10,"{'suffix': 'ACO_POP_100_ALPHA_0_7_BETA_1_9_RHO_0_7_NR_ITER_10', 'size_of_population': 100, 'alpha': 0.7, 'beta': 1.9, 'rho': 0.7, 'max_iterations': 10}",99.4                  ,99.95                 ,0.4415880433163882    ,100.3                 ,0.7529766000000002  ,nan                                    ,nan                                         ,nan                                   ,nan                                        ,nan                                               ,nan                                                    ,"[100.3, 100.0, 99.4, 100.3, 99.4, 100.3]"
15              ,21             ,TSP_CITIES_SET_21_N_15.json,TIME_AND_DATA      ,ant_colony    ,5146.675541414092 ,6013.763195575999     ,"[0, 11, 8, 7, 12, 14, 13, 2, 5, 10, 6, 1, 4, 3, 9, 0]",False              ,288.4546532493314      ,5.038237697004681      ,"[0, 5, 10, 9, 3, 4, 6, 1, 2, 13, 14, 12, 7, 8, 11, 0]",5725.3085423266675,ACO_POP_100_ALPHA_0_7_BETA_1_9_RHO_0_7_NR_ITER_10,"{'suffix': 'ACO_POP_100_ALPHA_0_7_BETA_1_9_RHO_0_7_NR_ITER_10', 'size_of_population': 100, 'alpha': 0.7, 'beta': 1.9, 'rho': 0.7, 'max_iterations': 10}",99.4                  ,99.90000000000002     ,0.45166359162544434   ,100.3                 ,0.7416980000000004  ,nan                                    ,nan                                         ,nan                                   ,nan                                        ,nan                                               ,nan                                                    ,"[99.4, 100.3, 99.4, 100.3, 100.3, 99.7]"
15              ,22             ,TSP_CITIES_SET_22_N_15.json,TIME_AND_DATA      ,ant_colony    ,4900.991620383081 ,5852.611817730741     ,"[0, 6, 13, 7, 12, 4, 3, 5, 10, 8, 2, 11, 1, 14, 9, 0]",False              ,131.47508658683728     ,2.298058808333177      ,"[0, 6, 13, 7, 12, 4, 3, 5, 10, 8, 2, 11, 9, 14, 1, 0]",5721.1367311439035,ACO_POP_100_ALPHA_0_7_BETA_1_9_RHO_0_7_NR_ITER_10,"{'suffix': 'ACO_POP_100_ALPHA_0_7_BETA_1_9_RHO_0_7_NR_ITER_10', 'size_of_population': 100, 'alpha': 0.7, 'beta': 1.9, 'rho': 0.7, 'max_iterations': 10}",99.4                  ,99.94999999999999     ,0.4415880433163881    ,100.3                 ,0.7332011999999999  ,nan                                    ,nan                                         ,nan                                   ,nan                                        ,nan                                               ,nan                                                    ,"[99.4, 100.3, 100.3, 99.4, 100.0, 100.3]"
15              ,23             ,TSP_CITIES_SET_23_N_15.json,TIME_AND_DATA      ,ant_colony    ,6831.393068897695 ,8081.177450301144     ,"[0, 7, 3, 10, 12, 6, 5, 1, 8, 14, 13, 11, 4, 2, 9, 0]",False              ,588.5586173365991      ,7.855178949543985      ,"[0, 7, 3, 12, 6, 5, 1, 8, 14, 13, 11, 4, 9, 2, 10, 0]",7492.618832964545 ,ACO_POP_100_ALPHA_0_7_BETA_1_9_RHO_0_7_NR_ITER_10,"{'suffix': 'ACO_POP_100_ALPHA_0_7_BETA_1_9_RHO_0_7_NR_ITER_10', 'size_of_population': 100, 'alpha': 0.7, 'beta': 1.9, 'rho': 0.7, 'max_iterations': 10}",99.4                  ,100.0                 ,0.4647580015448856    ,100.3                 ,0.7425811000000002  ,nan                                    ,nan                                         ,nan                                   ,nan                                        ,nan                                               ,nan                                                    ,"[100.3, 99.4, 100.3, 100.3, 99.4, 100.3]"
15              ,24             ,TSP_CITIES_SET_24_N_15.json,TIME_AND_DATA      ,ant_colony    ,6418.477233824812 ,7627.212523290624     ,"[0, 7, 8, 1, 10, 5, 6, 4, 12, 2, 9, 11, 13, 3, 14, 0]",False              ,339.8037946702061      ,4.6628892014203585     ,"[0, 7, 1, 8, 10, 5, 6, 4, 12, 2, 9, 11, 14, 3, 13, 0]",7287.408728620418 ,ACO_POP_100_ALPHA_0_7_BETA_1_9_RHO_0_7_NR_ITER_10,"{'suffix': 'ACO_POP_100_ALPHA_0_7_BETA_1_9_RHO_0_7_NR_ITER_10', 'size_of_population': 100, 'alpha': 0.7, 'beta': 1.9, 'rho': 0.7, 'max_iterations': 10}",99.4                  ,100.0                 ,0.4647580015448856    ,100.3                 ,0.7385898000000006  ,nan                                    ,nan                                         ,nan                                   ,nan                                        ,nan                                               ,nan                                                    ,"[99.4, 100.3, 100.3, 99.4, 100.3, 100.3]"
15              ,25             ,TSP_CITIES_SET_25_N_15.json,TIME_AND_DATA      ,ant_colony    ,5455.087341495285 ,6184.0455021602165    ,"[0, 12, 1, 4, 8, 9, 13, 3, 11, 10, 7, 14, 5, 2, 6, 0]",False              ,56.02837088804699      ,0.914298535526704      ,"[0, 1, 4, 8, 9, 13, 3, 11, 10, 7, 14, 5, 2, 6, 12, 0]",6128.0171312721695,ACO_POP_100_ALPHA_0_7_BETA_1_9_RHO_0_7_NR_ITER_10,"{'suffix': 'ACO_POP_100_ALPHA_0_7_BETA_1_9_RHO_0_7_NR_ITER_10', 'size_of_population': 100, 'alpha': 0.7, 'beta': 1.9, 'rho': 0.7, 'max_iterations': 10}",99.4                  ,100.0                 ,0.4647580015448856    ,100.3                 ,0.7351717           ,nan                                    ,nan                                         ,nan                                   ,nan                                        ,nan                                               ,nan                                                    ,"[100.3, 100.3, 99.4, 100.3, 99.4, 100.3]"
15              ,26             ,TSP_CITIES_SET_26_N_15.json,TIME_AND_DATA      ,ant_colony    ,7398.812513909373 ,8593.925897651685     ,"[0, 2, 12, 3, 9, 5, 7, 14, 11, 6, 13, 10, 4, 8, 1, 0]",False              ,152.0720084544064      ,1.8014053601307551     ,"[0, 5, 7, 14, 11, 6, 13, 10, 4, 8, 1, 12, 9, 3, 2, 0]",8441.853889197278 ,ACO_POP_100_ALPHA_0_7_BETA_1_9_RHO_0_7_NR_ITER_10,"{'suffix': 'ACO_POP_100_ALPHA_0_7_BETA_1_9_RHO_0_7_NR_ITER_10', 'size_of_population': 100, 'alpha': 0.7, 'beta': 1.9, 'rho': 0.7, 'max_iterations': 10}",99.4                  ,99.85000000000001     ,0.4929503017546448    ,100.3                 ,0.7319958           ,nan                                    ,nan                                         ,nan                                   ,nan                                        ,nan                                               ,nan                                                    ,"[99.4, 100.3, 100.3, 99.4, 100.3, 99.4]"
15              ,27             ,TSP_CITIES_SET_27_N_15.json,TIME_AND_DATA      ,ant_colony    ,5286.446849817115 ,6172.201330471885     ,"[0, 9, 1, 3, 11, 4, 7, 13, 5, 12, 14, 2, 6, 10, 8, 0]",False              ,54.31830525451187      ,0.8878611282794493     ,"[0, 9, 8, 10, 6, 2, 14, 12, 5, 13, 7, 4, 11, 3, 1, 0]",6117.883025217373 ,ACO_POP_100_ALPHA_0_7_BETA_1_9_RHO_0_7_NR_ITER_10,"{'suffix': 'ACO_POP_100_ALPHA_0_7_BETA_1_9_RHO_0_7_NR_ITER_10', 'size_of_population': 100, 'alpha': 0.7, 'beta': 1.9, 'rho': 0.7, 'max_iterations': 10}",99.4                  ,100.04285714285713    ,0.43915503282683577   ,100.3                 ,0.7708103000000004  ,nan                                    ,nan                                         ,nan                                   ,nan                                        ,nan                                               ,nan                                                    ,"[100.3, 100.3, 99.4, 100.3, 100.3, 99.4, 100.3]"
15              ,28             ,TSP_CITIES_SET_28_N_15.json,TIME_AND_DATA      ,ant_colony    ,6184.546177563891 ,7168.399825216834     ,"[0, 2, 12, 13, 9, 6, 8, 14, 4, 7, 10, 11, 1, 3, 5, 0]",True               ,0.0                    ,0.0                    ,"[0, 2, 12, 13, 9, 6, 8, 14, 4, 7, 10, 11, 1, 3, 5, 0]",7168.399825216833 ,ACO_POP_100_ALPHA_0_7_BETA_1_9_RHO_0_7_NR_ITER_10,"{'suffix': 'ACO_POP_100_ALPHA_0_7_BETA_1_9_RHO_0_7_NR_ITER_10', 'size_of_population': 100, 'alpha': 0.7, 'beta': 1.9, 'rho': 0.7, 'max_iterations': 10}",99.4                  ,100.0                 ,0.4647580015448856    ,100.3                 ,0.7557651000000001  ,nan                                    ,nan                                         ,nan                                   ,nan                                        ,nan                                               ,nan                                                    ,"[100.3, 99.4, 100.3, 100.3, 99.4, 100.3]"
15              ,29             ,TSP_CITIES_SET_29_N_15.json,TIME_AND_DATA      ,ant_colony    ,6312.100837650664 ,7222.879076301545     ,"[0, 6, 1, 14, 11, 9, 4, 8, 2, 5, 3, 7, 12, 10, 13, 0]",False              ,12.885926055140771     ,0.17872313865791106    ,"[0, 6, 1, 14, 11, 9, 4, 8, 2, 5, 3, 7, 10, 12, 13, 0]",7209.993150246404 ,ACO_POP_100_ALPHA_0_7_BETA_1_9_RHO_0_7_NR_ITER_10,"{'suffix': 'ACO_POP_100_ALPHA_0_7_BETA_1_9_RHO_0_7_NR_ITER_10', 'size_of_population': 100, 'alpha': 0.7, 'beta': 1.9, 'rho': 0.7, 'max_iterations': 10}",99.4                  ,99.98571428571428     ,0.5756983337031353    ,100.8                 ,0.8117394000000004  ,nan                                    ,nan                                         ,nan                                   ,nan                                        ,nan                                               ,nan                                                    ,"[99.4, 100.3, 99.4, 100.8, 99.4, 100.3, 100.3]"
15              ,30             ,TSP_CITIES_SET_30_N_15.json,TIME_AND_DATA      ,ant_colony    ,6130.973655367441 ,7332.83887243631      ,"[0, 2, 10, 1, 11, 3, 13, 5, 7, 9, 6, 14, 4, 12, 8, 0]",False              ,690.6593862814589      ,10.398083757313229     ,"[0, 6, 9, 13, 5, 7, 14, 4, 12, 8, 2, 3, 11, 1, 10, 0]",6642.1794861548515,ACO_POP_100_ALPHA_0_7_BETA_1_9_RHO_0_7_NR_ITER_10,"{'suffix': 'ACO_POP_100_ALPHA_0_7_BETA_1_9_RHO_0_7_NR_ITER_10', 'size_of_population': 100, 'alpha': 0.7, 'beta': 1.9, 'rho': 0.7, 'max_iterations': 10}",99.4                  ,99.925                ,0.4464142854857028    ,100.3                 ,0.9088914999999997  ,nan                                    ,nan                                         ,nan                                   ,nan                                        ,nan                                               ,nan                                                    ,"[99.4, 100.3, 100.3, 99.4, 100.3, 100.3, 100.0, 99.4]"
15              ,31             ,TSP_CITIES_SET_31_N_15.json,TIME_AND_DATA      ,ant_colony    ,6086.118542582695 ,6860.294233236955     ,"[0, 5, 6, 2, 9, 3, 1, 4, 14, 12, 7, 10, 8, 11, 13, 0]",True               ,0.0                    ,0.0                    ,"[0, 5, 6, 2, 9, 3, 1, 4, 14, 12, 7, 10, 8, 11, 13, 0]",6860.294233236956 ,ACO_POP_100_ALPHA_0_7_BETA_1_9_RHO_0_7_NR_ITER_10,"{'suffix': 'ACO_POP_100_ALPHA_0_7_BETA_1_9_RHO_0_7_NR_ITER_10', 'size_of_population': 100, 'alpha': 0.7, 'beta': 1.9, 'rho': 0.7, 'max_iterations': 10}",99.4                  ,99.91428571428571     ,0.48107023544235933   ,100.3                 ,0.7848451999999995  ,nan                                    ,nan                                         ,nan                                   ,nan                                        ,nan                                               ,nan                                                    ,"[99.4, 100.3, 99.4, 100.3, 100.3, 99.4, 100.3]"
15              ,32             ,TSP_CITIES_SET_32_N_15.json,TIME_AND_DATA      ,ant_colony    ,6238.51787530732  ,7269.2351013203515    ,"[0, 2, 5, 7, 1, 14, 6, 10, 3, 13, 11, 9, 4, 8, 12, 0]",False              ,420.3418767039366      ,6.137369395585498      ,"[0, 2, 1, 5, 7, 12, 8, 4, 9, 11, 13, 3, 10, 6, 14, 0]",6848.893224616415 ,ACO_POP_100_ALPHA_0_7_BETA_1_9_RHO_0_7_NR_ITER_10,"{'suffix': 'ACO_POP_100_ALPHA_0_7_BETA_1_9_RHO_0_7_NR_ITER_10', 'size_of_population': 100, 'alpha': 0.7, 'beta': 1.9, 'rho': 0.7, 'max_iterations': 10}",99.4                  ,99.85000000000001     ,0.4929503017546448    ,100.3                 ,0.7501042999999998  ,nan                                    ,nan                                         ,nan                                   ,nan                                        ,nan                                               ,nan                                                    ,"[99.4, 100.3, 100.3, 99.4, 100.3, 99.4]"
15              ,33             ,TSP_CITIES_SET_33_N_15.json,TIME_AND_DATA      ,ant_colony    ,6668.598926554472 ,7871.231455633908     ,"[0, 13, 7, 3, 11, 12, 1, 6, 5, 2, 10, 8, 14, 4, 9, 0]",False              ,664.5753629705841      ,9.221688317375786      ,"[0, 3, 7, 9, 4, 14, 8, 10, 2, 5, 1, 6, 12, 11, 13, 0]",7206.656092663324 ,ACO_POP_100_ALPHA_0_7_BETA_1_9_RHO_0_7_NR_ITER_10,"{'suffix': 'ACO_POP_100_ALPHA_0_7_BETA_1_9_RHO_0_7_NR_ITER_10', 'size_of_population': 100, 'alpha': 0.7, 'beta': 1.9, 'rho': 0.7, 'max_iterations': 10}",99.4                  ,99.85000000000001     ,0.4929503017546448    ,100.3                 ,0.7457701000000001  ,nan                                    ,nan                                         ,nan                                   ,nan                                        ,nan                                               ,nan                                                    ,"[99.4, 100.3, 99.4, 100.3, 100.3, 99.4]"
15              ,34             ,TSP_CITIES_SET_34_N_15.json,TIME_AND_DATA      ,ant_colony    ,6524.360231293819 ,7835.125275075503     ,"[0, 4, 10, 9, 2, 8, 14, 11, 12, 6, 13, 3, 5, 7, 1, 0]",False              ,224.67640743712036     ,2.952209670476904      ,"[0, 4, 9, 10, 2, 8, 14, 11, 12, 6, 13, 3, 7, 1, 5, 0]",7610.448867638383 ,ACO_POP_100_ALPHA_0_7_BETA_1_9_RHO_0_7_NR_ITER_10,"{'suffix': 'ACO_POP_100_ALPHA_0_7_BETA_1_9_RHO_0_7_NR_ITER_10', 'size_of_population': 100, 'alpha': 0.7, 'beta': 1.9, 'rho': 0.7, 'max_iterations': 10}",99.4                  ,99.85000000000001     ,0.4929503017546448    ,100.3                 ,0.7426374999999998  ,nan                                    ,nan                                         ,nan                                   ,nan                                        ,nan                                               ,nan                                                    ,"[99.4, 100.3, 100.3, 99.4, 100.3, 99.4]"
15              ,35             ,TSP_CITIES_SET_35_N_15.json,TIME_AND_DATA      ,ant_colony    ,5985.514721031921 ,6804.819914473291     ,"[0, 1, 7, 5, 14, 10, 3, 6, 4, 12, 9, 2, 13, 8, 11, 0]",False              ,130.6432202856504      ,1.9574432363983416     ,"[0, 8, 11, 13, 2, 9, 12, 4, 6, 3, 10, 14, 5, 7, 1, 0]",6674.17669418764  ,ACO_POP_100_ALPHA_0_7_BETA_1_9_RHO_0_7_NR_ITER_10,"{'suffix': 'ACO_POP_100_ALPHA_0_7_BETA_1_9_RHO_0_7_NR_ITER_10', 'size_of_population': 100, 'alpha': 0.7, 'beta': 1.9, 'rho': 0.7, 'max_iterations': 10}",99.4                  ,99.85000000000001     ,0.4929503017546448    ,100.3                 ,0.7503093999999999  ,nan                                    ,nan                                         ,nan                                   ,nan                                        ,nan                                               ,nan                                                    ,"[99.4, 100.3, 100.3, 99.4, 100.3, 99.4]"
15              ,36             ,TSP_CITIES_SET_36_N_15.json,TIME_AND_DATA      ,ant_colony    ,5792.622516049742 ,6742.858276269279     ,"[0, 1, 4, 8, 6, 10, 7, 14, 3, 13, 9, 11, 12, 5, 2, 0]",False              ,248.41619575047753     ,3.825058298628065      ,"[0, 1, 10, 6, 8, 4, 14, 7, 9, 13, 3, 11, 12, 5, 2, 0]",6494.442080518801 ,ACO_POP_100_ALPHA_0_7_BETA_1_9_RHO_0_7_NR_ITER_10,"{'suffix': 'ACO_POP_100_ALPHA_0_7_BETA_1_9_RHO_0_7_NR_ITER_10', 'size_of_population': 100, 'alpha': 0.7, 'beta': 1.9, 'rho': 0.7, 'max_iterations': 10}",99.4                  ,99.95                 ,0.4415880433163882    ,100.3                 ,0.7447997000000002  ,nan                                    ,nan                                         ,nan                                   ,nan                                        ,nan                                               ,nan                                                    ,"[99.4, 100.3, 99.4, 100.3, 100.0, 100.3]"
15              ,37             ,TSP_CITIES_SET_37_N_15.json,TIME_AND_DATA      ,ant_colony    ,5309.53242314774  ,6468.313247980461     ,"[0, 7, 4, 11, 13, 5, 2, 1, 6, 12, 10, 3, 14, 8, 9, 0]",False              ,88.34960061493257      ,1.3847978687373035     ,"[0, 4, 11, 13, 5, 2, 1, 6, 12, 10, 3, 14, 8, 9, 7, 0]",6379.963647365528 ,ACO_POP_100_ALPHA_0_7_BETA_1_9_RHO_0_7_NR_ITER_10,"{'suffix': 'ACO_POP_100_ALPHA_0_7_BETA_1_9_RHO_0_7_NR_ITER_10', 'size_of_population': 100, 'alpha': 0.7, 'beta': 1.9, 'rho': 0.7, 'max_iterations': 10}",99.4                  ,100.05                ,0.39874804074753395   ,100.3                 ,0.7315467999999998  ,nan                                    ,nan                                         ,nan                                   ,nan                                        ,nan                                               ,nan                                                    ,"[100.3, 99.4, 100.3, 99.7, 100.3, 100.3]"
15              ,38             ,TSP_CITIES_SET_38_N_15.json,TIME_AND_DATA      ,ant_colony    ,5423.4314743515915,6512.361683318171     ,"[0, 14, 7, 3, 9, 4, 2, 13, 8, 1, 6, 11, 10, 5, 12, 0]",False              ,414.386998355536       ,6.79548571064747       ,"[0, 2, 13, 8, 1, 6, 11, 10, 5, 12, 14, 7, 3, 9, 4, 0]",6097.974684962635 ,ACO_POP_100_ALPHA_0_7_BETA_1_9_RHO_0_7_NR_ITER_10,"{'suffix': 'ACO_POP_100_ALPHA_0_7_BETA_1_9_RHO_0_7_NR_ITER_10', 'size_of_population': 100, 'alpha': 0.7, 'beta': 1.9, 'rho': 0.7, 'max_iterations': 10}",99.4                  ,100.0                 ,0.4647580015448856    ,100.3                 ,0.7511105999999996  ,nan                                    ,nan                                         ,nan                                   ,nan                                        ,nan                                               ,nan                                                    ,"[100.3, 99.4, 100.3, 99.4, 100.3, 100.3]"
15              ,39             ,TSP_CITIES_SET_39_N_15.json,TIME_AND_DATA      ,ant_colony    ,5409.568894949578 ,6389.114197628326     ,"[0, 5, 4, 11, 14, 10, 6, 7, 13, 3, 9, 12, 2, 1, 8, 0]",True               ,0.0                    ,0.0                    ,"[0, 5, 4, 11, 14, 10, 6, 7, 13, 3, 9, 12, 2, 1, 8, 0]",6389.114197628326 ,ACO_POP_100_ALPHA_0_7_BETA_1_9_RHO_0_7_NR_ITER_10,"{'suffix': 'ACO_POP_100_ALPHA_0_7_BETA_1_9_RHO_0_7_NR_ITER_10', 'size_of_population': 100, 'alpha': 0.7, 'beta': 1.9, 'rho': 0.7, 'max_iterations': 10}",85.2                  ,97.48333333333333     ,6.033710853750505     ,100.3                 ,0.7425568999999994  ,nan                                    ,nan                                         ,nan                                   ,nan                                        ,nan                                               ,nan                                                    ,"[99.4, 100.3, 100.3, 99.4, 100.3, 85.2]"
15              ,40             ,TSP_CITIES_SET_40_N_15.json,TIME_AND_DATA      ,ant_colony    ,5951.052198227885 ,7161.363315255238     ,"[0, 12, 7, 4, 13, 14, 9, 2, 8, 6, 11, 3, 5, 1, 10, 0]",False              ,534.4526327933718      ,8.064883599650766      ,"[0, 12, 7, 4, 13, 5, 1, 10, 14, 9, 2, 8, 6, 11, 3, 0]",6626.910682461867 ,ACO_POP_100_ALPHA_0_7_BETA_1_9_RHO_0_7_NR_ITER_10,"{'suffix': 'ACO_POP_100_ALPHA_0_7_BETA_1_9_RHO_0_7_NR_ITER_10', 'size_of_population': 100, 'alpha': 0.7, 'beta': 1.9, 'rho': 0.7, 'max_iterations': 10}",99.4                  ,100.0                 ,0.4647580015448856    ,100.3                 ,0.7457863000000002  ,nan                                    ,nan                                         ,nan                                   ,nan                                        ,nan                                               ,nan                                                    ,"[100.3, 100.3, 99.4, 100.3, 99.4, 100.3]"
15              ,41             ,TSP_CITIES_SET_41_N_15.json,TIME_AND_DATA      ,ant_colony    ,5450.597527889345 ,6332.350327714783     ,"[0, 4, 12, 11, 9, 5, 2, 10, 8, 3, 6, 13, 1, 7, 14, 0]",False              ,128.77032845439135     ,2.0757422080434798     ,"[0, 4, 12, 11, 9, 5, 2, 10, 8, 3, 6, 13, 1, 14, 7, 0]",6203.579999260392 ,ACO_POP_100_ALPHA_0_7_BETA_1_9_RHO_0_7_NR_ITER_10,"{'suffix': 'ACO_POP_100_ALPHA_0_7_BETA_1_9_RHO_0_7_NR_ITER_10', 'size_of_population': 100, 'alpha': 0.7, 'beta': 1.9, 'rho': 0.7, 'max_iterations': 10}",99.4                  ,100.0                 ,0.4647580015448856    ,100.3                 ,0.7361248000000002  ,nan                                    ,nan                                         ,nan                                   ,nan                                        ,nan                                               ,nan                                                    ,"[99.4, 100.3, 100.3, 99.4, 100.3, 100.3]"
15              ,42             ,TSP_CITIES_SET_42_N_15.json,TIME_AND_DATA      ,ant_colony    ,6049.350460959979 ,7062.276914361211     ,"[0, 5, 14, 11, 9, 6, 13, 3, 4, 2, 1, 12, 10, 8, 7, 0]",False              ,414.9761336942129      ,6.242776540233127      ,"[0, 9, 11, 14, 5, 7, 8, 10, 1, 12, 2, 4, 3, 13, 6, 0]",6647.300780666998 ,ACO_POP_100_ALPHA_0_7_BETA_1_9_RHO_0_7_NR_ITER_10,"{'suffix': 'ACO_POP_100_ALPHA_0_7_BETA_1_9_RHO_0_7_NR_ITER_10', 'size_of_population': 100, 'alpha': 0.7, 'beta': 1.9, 'rho': 0.7, 'max_iterations': 10}",86.0                  ,97.87142857142858     ,5.254114034327223     ,100.3                 ,0.7616132000000002  ,nan                                    ,nan                                         ,nan                                   ,nan                                        ,nan                                               ,nan                                                    ,"[100.3, 99.4, 100.3, 100.3, 99.4, 86.0, 99.4]"
15              ,43             ,TSP_CITIES_SET_43_N_15.json,TIME_AND_DATA      ,ant_colony    ,5669.890753385416 ,6640.324161713881     ,"[0, 7, 2, 13, 4, 1, 9, 3, 14, 12, 5, 6, 10, 11, 8, 0]",False              ,430.1890382808033      ,6.927208985478352      ,"[0, 7, 2, 13, 1, 4, 9, 3, 14, 12, 6, 5, 8, 11, 10, 0]",6210.135123433078 ,ACO_POP_100_ALPHA_0_7_BETA_1_9_RHO_0_7_NR_ITER_10,"{'suffix': 'ACO_POP_100_ALPHA_0_7_BETA_1_9_RHO_0_7_NR_ITER_10', 'size_of_population': 100, 'alpha': 0.7, 'beta': 1.9, 'rho': 0.7, 'max_iterations': 10}",85.2                  ,97.63333333333334     ,6.1016937539233025    ,100.3                 ,0.7561331999999998  ,nan                                    ,nan                                         ,nan                                   ,nan                                        ,nan                                               ,nan                                                    ,"[100.3, 100.3, 99.4, 100.3, 100.3, 85.2]"
15              ,44             ,TSP_CITIES_SET_44_N_15.json,TIME_AND_DATA      ,ant_colony    ,7467.632263969572 ,8569.384050898007     ,"[0, 4, 11, 3, 7, 14, 1, 13, 6, 12, 5, 2, 10, 8, 9, 0]",False              ,561.4319977165096      ,7.010931059376873      ,"[0, 1, 13, 5, 12, 6, 14, 7, 3, 4, 11, 9, 8, 10, 2, 0]",8007.952053181497 ,ACO_POP_100_ALPHA_0_7_BETA_1_9_RHO_0_7_NR_ITER_10,"{'suffix': 'ACO_POP_100_ALPHA_0_7_BETA_1_9_RHO_0_7_NR_ITER_10', 'size_of_population': 100, 'alpha': 0.7, 'beta': 1.9, 'rho': 0.7, 'max_iterations': 10}",99.4                  ,99.99999999999999     ,0.4242640687119245    ,100.3                 ,0.8682448000000003  ,nan                                    ,nan                                         ,nan                                   ,nan                                        ,nan                                               ,nan                                                    ,"[99.4, 100.3, 100.0, 100.3, 99.4, 100.3, 100.3]"
15              ,45             ,TSP_CITIES_SET_45_N_15.json,TIME_AND_DATA      ,ant_colony    ,5557.350656428906 ,6717.26185992683      ,"[0, 1, 4, 10, 3, 11, 14, 7, 13, 6, 8, 2, 5, 12, 9, 0]",True               ,0.0                    ,0.0                    ,"[0, 1, 4, 10, 3, 11, 14, 7, 13, 6, 8, 2, 5, 12, 9, 0]",6717.26185992683  ,ACO_POP_100_ALPHA_0_7_BETA_1_9_RHO_0_7_NR_ITER_10,"{'suffix': 'ACO_POP_100_ALPHA_0_7_BETA_1_9_RHO_0_7_NR_ITER_10', 'size_of_population': 100, 'alpha': 0.7, 'beta': 1.9, 'rho': 0.7, 'max_iterations': 10}",99.4                  ,99.95714285714284     ,0.43915503282683577   ,100.3                 ,0.8206580999999997  ,nan                                    ,nan                                         ,nan                                   ,nan                                        ,nan                                               ,nan                                                    ,"[99.7, 100.3, 99.4, 100.3, 99.4, 100.3, 100.3]"
15              ,46             ,TSP_CITIES_SET_46_N_15.json,TIME_AND_DATA      ,ant_colony    ,6697.164533387476 ,7735.172240487958     ,"[0, 6, 13, 11, 4, 3, 9, 5, 12, 1, 10, 14, 2, 7, 8, 0]",False              ,353.2540204672441      ,4.785396016839819      ,"[0, 11, 4, 3, 9, 5, 12, 1, 10, 14, 2, 7, 8, 13, 6, 0]",7381.918220020714 ,ACO_POP_100_ALPHA_0_7_BETA_1_9_RHO_0_7_NR_ITER_10,"{'suffix': 'ACO_POP_100_ALPHA_0_7_BETA_1_9_RHO_0_7_NR_ITER_10', 'size_of_population': 100, 'alpha': 0.7, 'beta': 1.9, 'rho': 0.7, 'max_iterations': 10}",99.4                  ,99.91428571428571     ,0.48107023544235933   ,100.3                 ,0.8440780000000001  ,nan                                    ,nan                                         ,nan                                   ,nan                                        ,nan                                               ,nan                                                    ,"[99.4, 100.3, 100.3, 99.4, 100.3, 99.4, 100.3]"
15              ,47             ,TSP_CITIES_SET_47_N_15.json,TIME_AND_DATA      ,ant_colony    ,6083.820038969923 ,6720.295490185444     ,"[0, 9, 3, 4, 6, 1, 12, 7, 8, 2, 14, 5, 13, 10, 11, 0]",True               ,0.0                    ,0.0                    ,"[0, 9, 3, 4, 6, 1, 12, 7, 8, 2, 14, 5, 13, 10, 11, 0]",6720.295490185445 ,ACO_POP_100_ALPHA_0_7_BETA_1_9_RHO_0_7_NR_ITER_10,"{'suffix': 'ACO_POP_100_ALPHA_0_7_BETA_1_9_RHO_0_7_NR_ITER_10', 'size_of_population': 100, 'alpha': 0.7, 'beta': 1.9, 'rho': 0.7, 'max_iterations': 10}",99.4                  ,99.91428571428571     ,0.48107023544235933   ,100.3                 ,0.7862392000000002  ,nan                                    ,nan                                         ,nan                                   ,nan                                        ,nan                                               ,nan                                                    ,"[100.3, 99.4, 100.3, 100.3, 99.4, 100.3, 99.4]"
15              ,48             ,TSP_CITIES_SET_48_N_15.json,TIME_AND_DATA      ,ant_colony    ,6652.749273439444 ,7791.169231100061     ,"[0, 5, 14, 6, 1, 8, 11, 3, 10, 2, 13, 12, 7, 4, 9, 0]",False              ,235.42562065212223     ,3.1158497798493343     ,"[0, 5, 1, 8, 11, 3, 6, 14, 9, 4, 7, 12, 13, 2, 10, 0]",7555.743610447938 ,ACO_POP_100_ALPHA_0_7_BETA_1_9_RHO_0_7_NR_ITER_10,"{'suffix': 'ACO_POP_100_ALPHA_0_7_BETA_1_9_RHO_0_7_NR_ITER_10', 'size_of_population': 100, 'alpha': 0.7, 'beta': 1.9, 'rho': 0.7, 'max_iterations': 10}",99.4                  ,100.0                 ,0.4647580015448856    ,100.3                 ,0.7362997           ,nan                                    ,nan                                         ,nan                                   ,nan                                        ,nan                                               ,nan                                                    ,"[100.3, 99.4, 100.3, 99.4, 100.3, 100.3]"
15              ,49             ,TSP_CITIES_SET_49_N_15.json,TIME_AND_DATA      ,ant_colony    ,5579.230319659951 ,6391.391018044206     ,"[0, 7, 14, 4, 6, 3, 12, 9, 10, 1, 2, 8, 13, 5, 11, 0]",False              ,14.121383830089144     ,0.22143306838286678    ,"[0, 5, 11, 13, 8, 2, 1, 10, 9, 12, 3, 6, 4, 14, 7, 0]",6377.269634214117 ,ACO_POP_100_ALPHA_0_7_BETA_1_9_RHO_0_7_NR_ITER_10,"{'suffix': 'ACO_POP_100_ALPHA_0_7_BETA_1_9_RHO_0_7_NR_ITER_10', 'size_of_population': 100, 'alpha': 0.7, 'beta': 1.9, 'rho': 0.7, 'max_iterations': 10}",99.4                  ,100.0                 ,0.4647580015448856    ,100.3                 ,0.7454869           ,nan                                    ,nan                                         ,nan                                   ,nan                                        ,nan                                               ,nan                                                    ,"[99.4, 100.3, 100.3, 99.4, 100.3, 100.3]"
15              ,50             ,TSP_CITIES_SET_50_N_15.json,TIME_AND_DATA      ,ant_colony    ,5879.039009386313 ,7068.624651532351     ,"[0, 10, 2, 7, 12, 4, 9, 5, 14, 6, 13, 11, 8, 1, 3, 0]",False              ,300.17432581319736     ,4.434904762063147      ,"[0, 10, 2, 3, 1, 8, 11, 13, 6, 14, 5, 9, 4, 12, 7, 0]",6768.450325719154 ,ACO_POP_100_ALPHA_0_7_BETA_1_9_RHO_0_7_NR_ITER_10,"{'suffix': 'ACO_POP_100_ALPHA_0_7_BETA_1_9_RHO_0_7_NR_ITER_10', 'size_of_population': 100, 'alpha': 0.7, 'beta': 1.9, 'rho': 0.7, 'max_iterations': 10}",99.4                  ,100.0                 ,0.4647580015448856    ,100.3                 ,0.7436788000000005  ,nan                                    ,nan                                         ,nan                                   ,nan                                        ,nan                                               ,nan                                                    ,"[99.4, 100.3, 100.3, 99.4, 100.3, 100.3]"
15              ,51             ,TSP_CITIES_SET_51_N_15.json,TIME_AND_DATA      ,ant_colony    ,6353.746729962009 ,7646.491097576891     ,"[0, 6, 13, 2, 3, 4, 12, 14, 1, 11, 8, 5, 9, 7, 10, 0]",False              ,70.79169928752435      ,0.9344576066931787     ,"[0, 6, 10, 7, 9, 5, 8, 11, 1, 14, 12, 4, 3, 2, 13, 0]",7575.699398289366 ,ACO_POP_100_ALPHA_0_7_BETA_1_9_RHO_0_7_NR_ITER_10,"{'suffix': 'ACO_POP_100_ALPHA_0_7_BETA_1_9_RHO_0_7_NR_ITER_10', 'size_of_population': 100, 'alpha': 0.7, 'beta': 1.9, 'rho': 0.7, 'max_iterations': 10}",99.4                  ,99.94999999999999     ,0.4415880433163881    ,100.3                 ,0.7377810999999999  ,nan                                    ,nan                                         ,nan                                   ,nan                                        ,nan                                               ,nan                                                    ,"[100.3, 99.4, 100.0, 100.3, 99.4, 100.3]"
15              ,52             ,TSP_CITIES_SET_52_N_15.json,TIME_AND_DATA      ,ant_colony    ,5582.377203265816 ,6608.4863592526435    ,"[0, 7, 12, 8, 9, 11, 13, 5, 4, 2, 1, 10, 14, 3, 6, 0]",False              ,363.625576043778       ,5.8227971554064375     ,"[0, 7, 12, 8, 9, 11, 13, 4, 5, 2, 1, 14, 3, 6, 10, 0]",6244.8607832088655,ACO_POP_100_ALPHA_0_7_BETA_1_9_RHO_0_7_NR_ITER_10,"{'suffix': 'ACO_POP_100_ALPHA_0_7_BETA_1_9_RHO_0_7_NR_ITER_10', 'size_of_population': 100, 'alpha': 0.7, 'beta': 1.9, 'rho': 0.7, 'max_iterations': 10}",99.4                  ,99.95                 ,0.4415880433163882    ,100.3                 ,0.7392642           ,nan                                    ,nan                                         ,nan                                   ,nan                                        ,nan                                               ,nan                                                    ,"[100.3, 99.4, 100.0, 100.3, 100.3, 99.4]"
15              ,53             ,TSP_CITIES_SET_53_N_15.json,TIME_AND_DATA      ,ant_colony    ,5467.532942607252 ,6806.0074474074       ,"[0, 1, 4, 12, 9, 14, 10, 3, 11, 8, 13, 7, 2, 6, 5, 0]",False              ,404.4106692857713      ,6.317340552718073      ,"[0, 4, 1, 6, 5, 2, 7, 13, 8, 11, 3, 10, 14, 9, 12, 0]",6401.596778121629 ,ACO_POP_100_ALPHA_0_7_BETA_1_9_RHO_0_7_NR_ITER_10,"{'suffix': 'ACO_POP_100_ALPHA_0_7_BETA_1_9_RHO_0_7_NR_ITER_10', 'size_of_population': 100, 'alpha': 0.7, 'beta': 1.9, 'rho': 0.7, 'max_iterations': 10}",99.4                  ,100.0                 ,0.4647580015448856    ,100.3                 ,0.738925            ,nan                                    ,nan                                         ,nan                                   ,nan                                        ,nan                                               ,nan                                                    ,"[100.3, 99.4, 100.3, 100.3, 99.4, 100.3]"
15              ,54             ,TSP_CITIES_SET_54_N_15.json,TIME_AND_DATA      ,ant_colony    ,7088.782250833367 ,8245.405785091596     ,"[0, 4, 11, 12, 3, 1, 13, 10, 5, 14, 8, 6, 2, 7, 9, 0]",False              ,328.7511394775556      ,4.152652277937744      ,"[0, 2, 7, 9, 6, 8, 14, 5, 10, 13, 1, 3, 12, 11, 4, 0]",7916.65464561404  ,ACO_POP_100_ALPHA_0_7_BETA_1_9_RHO_0_7_NR_ITER_10,"{'suffix': 'ACO_POP_100_ALPHA_0_7_BETA_1_9_RHO_0_7_NR_ITER_10', 'size_of_population': 100, 'alpha': 0.7, 'beta': 1.9, 'rho': 0.7, 'max_iterations': 10}",99.4                  ,99.95                 ,0.3507135583350003    ,100.3                 ,0.7498758999999997  ,nan                                    ,nan                                         ,nan                                   ,nan                                        ,nan                                               ,nan                                                    ,"[100.0, 100.3, 99.7, 100.0, 100.3, 99.4]"
15              ,55             ,TSP_CITIES_SET_55_N_15.json,TIME_AND_DATA      ,ant_colony    ,5714.687556165379 ,6614.129605438149     ,"[0, 10, 14, 3, 8, 1, 13, 2, 4, 12, 5, 6, 11, 7, 9, 0]",False              ,324.6567099623717      ,5.161906496105704      ,"[0, 5, 11, 6, 7, 9, 3, 8, 1, 14, 10, 13, 2, 4, 12, 0]",6289.4728954757775,ACO_POP_100_ALPHA_0_7_BETA_1_9_RHO_0_7_NR_ITER_10,"{'suffix': 'ACO_POP_100_ALPHA_0_7_BETA_1_9_RHO_0_7_NR_ITER_10', 'size_of_population': 100, 'alpha': 0.7, 'beta': 1.9, 'rho': 0.7, 'max_iterations': 10}",99.4                  ,100.0                 ,0.4647580015448856    ,100.3                 ,0.7353238999999996  ,nan                                    ,nan                                         ,nan                                   ,nan                                        ,nan                                               ,nan                                                    ,"[100.3, 99.4, 100.3, 100.3, 99.4, 100.3]"
15              ,56             ,TSP_CITIES_SET_56_N_15.json,TIME_AND_DATA      ,ant_colony    ,5682.679927484553 ,6853.292160463519     ,"[0, 5, 6, 4, 12, 2, 1, 13, 3, 14, 11, 8, 7, 9, 10, 0]",False              ,345.51888022090316     ,5.309325714678583      ,"[0, 14, 11, 8, 7, 9, 10, 6, 5, 4, 12, 2, 1, 13, 3, 0]",6507.773280242616 ,ACO_POP_100_ALPHA_0_7_BETA_1_9_RHO_0_7_NR_ITER_10,"{'suffix': 'ACO_POP_100_ALPHA_0_7_BETA_1_9_RHO_0_7_NR_ITER_10', 'size_of_population': 100, 'alpha': 0.7, 'beta': 1.9, 'rho': 0.7, 'max_iterations': 10}",99.4                  ,100.0                 ,0.4647580015448856    ,100.3                 ,0.7496473000000003  ,nan                                    ,nan                                         ,nan                                   ,nan                                        ,nan                                               ,nan                                                    ,"[100.3, 100.3, 99.4, 100.3, 100.3, 99.4]"
15              ,57             ,TSP_CITIES_SET_57_N_15.json,TIME_AND_DATA      ,ant_colony    ,6843.752757513585 ,7856.85146938721      ,"[0, 6, 9, 14, 1, 10, 12, 2, 8, 11, 3, 7, 4, 5, 13, 0]",False              ,156.60152683264096     ,2.0337200480623383     ,"[0, 2, 12, 10, 1, 14, 9, 6, 13, 5, 4, 7, 11, 3, 8, 0]",7700.249942554569 ,ACO_POP_100_ALPHA_0_7_BETA_1_9_RHO_0_7_NR_ITER_10,"{'suffix': 'ACO_POP_100_ALPHA_0_7_BETA_1_9_RHO_0_7_NR_ITER_10', 'size_of_population': 100, 'alpha': 0.7, 'beta': 1.9, 'rho': 0.7, 'max_iterations': 10}",99.4                  ,99.91428571428571     ,0.48107023544235933   ,100.3                 ,0.8129524999999997  ,nan                                    ,nan                                         ,nan                                   ,nan                                        ,nan                                               ,nan                                                    ,"[99.4, 100.3, 100.3, 99.4, 100.3, 99.4, 100.3]"
15              ,58             ,TSP_CITIES_SET_58_N_15.json,TIME_AND_DATA      ,ant_colony    ,6286.866581587351 ,6987.067981186066     ,"[0, 11, 7, 13, 4, 14, 2, 3, 12, 6, 10, 5, 9, 8, 1, 0]",False              ,107.80437197034371     ,1.5670917425801925     ,"[0, 7, 13, 4, 14, 2, 3, 12, 6, 10, 9, 8, 1, 5, 11, 0]",6879.263609215723 ,ACO_POP_100_ALPHA_0_7_BETA_1_9_RHO_0_7_NR_ITER_10,"{'suffix': 'ACO_POP_100_ALPHA_0_7_BETA_1_9_RHO_0_7_NR_ITER_10', 'size_of_population': 100, 'alpha': 0.7, 'beta': 1.9, 'rho': 0.7, 'max_iterations': 10}",99.4                  ,99.95                 ,0.4415880433163882    ,100.3                 ,0.7632266000000003  ,nan                                    ,nan                                         ,nan                                   ,nan                                        ,nan                                               ,nan                                                    ,"[100.3, 100.0, 99.4, 100.3, 99.4, 100.3]"
15              ,59             ,TSP_CITIES_SET_59_N_15.json,TIME_AND_DATA      ,ant_colony    ,5119.42905733513  ,6265.138008159902     ,"[0, 1, 10, 7, 14, 4, 6, 3, 12, 8, 13, 5, 11, 2, 9, 0]",False              ,49.44341446521412      ,0.795460808440788      ,"[0, 11, 2, 9, 5, 13, 8, 12, 3, 6, 4, 14, 7, 10, 1, 0]",6215.694593694688 ,ACO_POP_100_ALPHA_0_7_BETA_1_9_RHO_0_7_NR_ITER_10,"{'suffix': 'ACO_POP_100_ALPHA_0_7_BETA_1_9_RHO_0_7_NR_ITER_10', 'size_of_population': 100, 'alpha': 0.7, 'beta': 1.9, 'rho': 0.7, 'max_iterations': 10}",99.4                  ,99.89999999999999     ,0.45166359162544434   ,100.3                 ,0.7484274999999996  ,nan                                    ,nan                                         ,nan                                   ,nan                                        ,nan                                               ,nan                                                    ,"[99.7, 100.3, 99.4, 100.3, 100.3, 99.4]"
15              ,60             ,TSP_CITIES_SET_60_N_15.json,TIME_AND_DATA      ,ant_colony    ,5666.797765726871 ,6800.204135922486     ,"[0, 8, 1, 9, 12, 5, 10, 7, 11, 13, 6, 14, 3, 2, 4, 0]",False              ,223.49866832170937     ,3.398337806409979      ,"[0, 6, 14, 3, 2, 4, 1, 9, 12, 5, 10, 7, 11, 13, 8, 0]",6576.7054676007765,ACO_POP_100_ALPHA_0_7_BETA_1_9_RHO_0_7_NR_ITER_10,"{'suffix': 'ACO_POP_100_ALPHA_0_7_BETA_1_9_RHO_0_7_NR_ITER_10', 'size_of_population': 100, 'alpha': 0.7, 'beta': 1.9, 'rho': 0.7, 'max_iterations': 10}",99.4                  ,99.85000000000001     ,0.4929503017546448    ,100.3                 ,0.7661867           ,nan                                    ,nan                                         ,nan                                   ,nan                                        ,nan                                               ,nan                                                    ,"[99.4, 100.3, 100.3, 99.4, 100.3, 99.4]"
15              ,61             ,TSP_CITIES_SET_61_N_15.json,TIME_AND_DATA      ,ant_colony    ,6366.7636451977605,7410.13941643265      ,"[0, 3, 14, 4, 9, 12, 5, 6, 11, 1, 7, 8, 10, 13, 2, 0]",False              ,214.08132050979384     ,2.974980435901262      ,"[0, 10, 13, 2, 14, 4, 9, 12, 5, 6, 7, 8, 1, 11, 3, 0]",7196.058095922856 ,ACO_POP_100_ALPHA_0_7_BETA_1_9_RHO_0_7_NR_ITER_10,"{'suffix': 'ACO_POP_100_ALPHA_0_7_BETA_1_9_RHO_0_7_NR_ITER_10', 'size_of_population': 100, 'alpha': 0.7, 'beta': 1.9, 'rho': 0.7, 'max_iterations': 10}",99.4                  ,99.95714285714284     ,0.43915503282683577   ,100.3                 ,0.8291775000000006  ,nan                                    ,nan                                         ,nan                                   ,nan                                        ,nan                                               ,nan                                                    ,"[99.4, 100.3, 99.7, 100.3, 99.4, 100.3, 100.3]"
15              ,62             ,TSP_CITIES_SET_62_N_15.json,TIME_AND_DATA      ,ant_colony    ,5781.511528781407 ,7074.85332428637      ,"[0, 4, 3, 5, 6, 7, 10, 2, 1, 11, 14, 13, 9, 12, 8, 0]",False              ,112.55881697419045     ,1.6166914062020081     ,"[0, 4, 3, 5, 6, 7, 10, 2, 1, 14, 11, 13, 9, 8, 12, 0]",6962.294507312179 ,ACO_POP_100_ALPHA_0_7_BETA_1_9_RHO_0_7_NR_ITER_10,"{'suffix': 'ACO_POP_100_ALPHA_0_7_BETA_1_9_RHO_0_7_NR_ITER_10', 'size_of_population': 100, 'alpha': 0.7, 'beta': 1.9, 'rho': 0.7, 'max_iterations': 10}",99.4                  ,99.91428571428571     ,0.48107023544235933   ,100.3                 ,0.8570216999999998  ,nan                                    ,nan                                         ,nan                                   ,nan                                        ,nan                                               ,nan                                                    ,"[100.3, 99.4, 100.3, 99.4, 100.3, 100.3, 99.4]"
15              ,63             ,TSP_CITIES_SET_63_N_15.json,TIME_AND_DATA      ,ant_colony    ,6081.1607238894185,6829.898995917769     ,"[0, 14, 6, 5, 7, 12, 4, 10, 1, 3, 13, 2, 9, 11, 8, 0]",False              ,94.58660255715131      ,1.4043387601500226     ,"[0, 3, 13, 1, 4, 10, 2, 9, 11, 8, 6, 5, 7, 12, 14, 0]",6735.3123933606175,ACO_POP_100_ALPHA_0_7_BETA_1_9_RHO_0_7_NR_ITER_10,"{'suffix': 'ACO_POP_100_ALPHA_0_7_BETA_1_9_RHO_0_7_NR_ITER_10', 'size_of_population': 100, 'alpha': 0.7, 'beta': 1.9, 'rho': 0.7, 'max_iterations': 10}",99.4                  ,99.98571428571428     ,0.5756983337031353    ,100.8                 ,0.7925410999999998  ,nan                                    ,nan                                         ,nan                                   ,nan                                        ,nan                                               ,nan                                                    ,"[99.4, 100.3, 99.4, 100.3, 100.3, 99.4, 100.8]"
15              ,64             ,TSP_CITIES_SET_64_N_15.json,TIME_AND_DATA      ,ant_colony    ,7117.805962083232 ,8130.926389278341     ,"[0, 1, 9, 10, 12, 7, 5, 2, 14, 4, 3, 13, 6, 8, 11, 0]",False              ,221.2563995623159      ,2.7972898976820586     ,"[0, 8, 11, 6, 13, 3, 4, 14, 10, 2, 5, 7, 12, 9, 1, 0]",7909.669989716025 ,ACO_POP_100_ALPHA_0_7_BETA_1_9_RHO_0_7_NR_ITER_10,"{'suffix': 'ACO_POP_100_ALPHA_0_7_BETA_1_9_RHO_0_7_NR_ITER_10', 'size_of_population': 100, 'alpha': 0.7, 'beta': 1.9, 'rho': 0.7, 'max_iterations': 10}",99.4                  ,99.91428571428571     ,0.48107023544235933   ,100.3                 ,0.7833068999999999  ,nan                                    ,nan                                         ,nan                                   ,nan                                        ,nan                                               ,nan                                                    ,"[99.4, 100.3, 100.3, 99.4, 100.3, 99.4, 100.3]"
15              ,65             ,TSP_CITIES_SET_65_N_15.json,TIME_AND_DATA      ,ant_colony    ,5843.194873701636 ,7138.923240297043     ,"[0, 11, 5, 13, 12, 6, 7, 9, 4, 2, 10, 1, 14, 8, 3, 0]",False              ,311.5356031651463      ,4.56302790646905       ,"[0, 9, 4, 2, 10, 1, 14, 8, 3, 5, 11, 13, 12, 6, 7, 0]",6827.387637131897 ,ACO_POP_100_ALPHA_0_7_BETA_1_9_RHO_0_7_NR_ITER_10,"{'suffix': 'ACO_POP_100_ALPHA_0_7_BETA_1_9_RHO_0_7_NR_ITER_10', 'size_of_population': 100, 'alpha': 0.7, 'beta': 1.9, 'rho': 0.7, 'max_iterations': 10}",99.4                  ,100.10000000000001    ,0.3633180424916956    ,100.3                 ,0.7561209           ,nan                                    ,nan                                         ,nan                                   ,nan                                        ,nan                                               ,nan                                                    ,"[100.3, 100.3, 99.4, 100.3, 100.3, 100.0]"
15              ,66             ,TSP_CITIES_SET_66_N_15.json,TIME_AND_DATA      ,ant_colony    ,6765.131270961706 ,7897.057063582406     ,"[0, 6, 5, 4, 7, 13, 1, 3, 11, 14, 9, 8, 2, 12, 10, 0]",False              ,437.80304086082197     ,5.869260378145496      ,"[0, 6, 5, 4, 7, 13, 1, 3, 11, 14, 9, 10, 12, 2, 8, 0]",7459.254022721584 ,ACO_POP_100_ALPHA_0_7_BETA_1_9_RHO_0_7_NR_ITER_10,"{'suffix': 'ACO_POP_100_ALPHA_0_7_BETA_1_9_RHO_0_7_NR_ITER_10', 'size_of_population': 100, 'alpha': 0.7, 'beta': 1.9, 'rho': 0.7, 'max_iterations': 10}",99.4                  ,100.0                 ,0.4647580015448856    ,100.3                 ,0.7406514           ,nan                                    ,nan                                         ,nan                                   ,nan                                        ,nan                                               ,nan                                                    ,"[100.3, 100.3, 99.4, 100.3, 99.4, 100.3]"
15              ,67             ,TSP_CITIES_SET_67_N_15.json,TIME_AND_DATA      ,ant_colony    ,6563.156372677997 ,7487.862271869734     ,"[0, 2, 4, 8, 10, 6, 3, 12, 7, 5, 9, 11, 1, 14, 13, 0]",False              ,395.44418810958086     ,5.5755904888778085     ,"[0, 9, 1, 14, 13, 11, 5, 7, 12, 3, 6, 10, 4, 8, 2, 0]",7092.418083760153 ,ACO_POP_100_ALPHA_0_7_BETA_1_9_RHO_0_7_NR_ITER_10,"{'suffix': 'ACO_POP_100_ALPHA_0_7_BETA_1_9_RHO_0_7_NR_ITER_10', 'size_of_population': 100, 'alpha': 0.7, 'beta': 1.9, 'rho': 0.7, 'max_iterations': 10}",86.0                  ,97.7                  ,5.758472019555188     ,100.8                 ,0.7369897000000001  ,nan                                    ,nan                                         ,nan                                   ,nan                                        ,nan                                               ,nan                                                    ,"[100.3, 100.3, 99.4, 100.8, 99.4, 86.0]"
15              ,68             ,TSP_CITIES_SET_68_N_15.json,TIME_AND_DATA      ,ant_colony    ,7102.931960011656 ,8435.160919312571     ,"[0, 8, 6, 13, 4, 12, 2, 5, 11, 3, 14, 10, 1, 7, 9, 0]",False              ,433.6668440530302      ,5.419823347666024      ,"[0, 8, 1, 10, 14, 3, 11, 5, 2, 12, 4, 13, 9, 7, 6, 0]",8001.494075259541 ,ACO_POP_100_ALPHA_0_7_BETA_1_9_RHO_0_7_NR_ITER_10,"{'suffix': 'ACO_POP_100_ALPHA_0_7_BETA_1_9_RHO_0_7_NR_ITER_10', 'size_of_population': 100, 'alpha': 0.7, 'beta': 1.9, 'rho': 0.7, 'max_iterations': 10}",99.4                  ,100.0                 ,0.4647580015448856    ,100.3                 ,0.7309888999999994  ,nan                                    ,nan                                         ,nan                                   ,nan                                        ,nan                                               ,nan                                                    ,"[100.3, 100.3, 99.4, 100.3, 100.3, 99.4]"
15              ,69             ,TSP_CITIES_SET_69_N_15.json,TIME_AND_DATA      ,ant_colony    ,7051.281633573905 ,8147.166664040149     ,"[0, 6, 13, 7, 5, 10, 12, 2, 9, 8, 3, 14, 1, 4, 11, 0]",False              ,318.15630107375455     ,4.063812491278985      ,"[0, 4, 1, 14, 3, 8, 9, 2, 12, 10, 5, 7, 11, 13, 6, 0]",7829.0103629663945,ACO_POP_100_ALPHA_0_7_BETA_1_9_RHO_0_7_NR_ITER_10,"{'suffix': 'ACO_POP_100_ALPHA_0_7_BETA_1_9_RHO_0_7_NR_ITER_10', 'size_of_population': 100, 'alpha': 0.7, 'beta': 1.9, 'rho': 0.7, 'max_iterations': 10}",86.0                  ,97.56666666666666     ,5.681079709585728     ,100.3                 ,0.7379079000000002  ,nan                                    ,nan                                         ,nan                                   ,nan                                        ,nan                                               ,nan                                                    ,"[100.0, 99.4, 100.3, 100.3, 99.4, 86.0]"
15              ,70             ,TSP_CITIES_SET_70_N_15.json,TIME_AND_DATA      ,ant_colony    ,5702.843108880245 ,6955.875430889539     ,"[0, 4, 12, 6, 11, 8, 2, 10, 13, 9, 7, 1, 5, 3, 14, 0]",False              ,537.8576825428299      ,8.380433081248222      ,"[0, 4, 6, 12, 3, 14, 5, 1, 7, 9, 13, 10, 2, 8, 11, 0]",6418.017748346709 ,ACO_POP_100_ALPHA_0_7_BETA_1_9_RHO_0_7_NR_ITER_10,"{'suffix': 'ACO_POP_100_ALPHA_0_7_BETA_1_9_RHO_0_7_NR_ITER_10', 'size_of_population': 100, 'alpha': 0.7, 'beta': 1.9, 'rho': 0.7, 'max_iterations': 10}",99.4                  ,100.0                 ,0.4647580015448856    ,100.3                 ,0.7510929000000002  ,nan                                    ,nan                                         ,nan                                   ,nan                                        ,nan                                               ,nan                                                    ,"[99.4, 100.3, 100.3, 99.4, 100.3, 100.3]"
15              ,71             ,TSP_CITIES_SET_71_N_15.json,TIME_AND_DATA      ,ant_colony    ,5849.089974840493 ,6991.132005590674     ,"[0, 11, 13, 14, 10, 2, 1, 9, 12, 4, 3, 6, 7, 8, 5, 0]",False              ,420.2465405242465      ,6.3955846249101835     ,"[0, 11, 13, 10, 14, 7, 5, 8, 6, 3, 4, 12, 9, 1, 2, 0]",6570.885465066428 ,ACO_POP_100_ALPHA_0_7_BETA_1_9_RHO_0_7_NR_ITER_10,"{'suffix': 'ACO_POP_100_ALPHA_0_7_BETA_1_9_RHO_0_7_NR_ITER_10', 'size_of_population': 100, 'alpha': 0.7, 'beta': 1.9, 'rho': 0.7, 'max_iterations': 10}",99.4                  ,100.0                 ,0.4647580015448856    ,100.3                 ,0.7457616000000002  ,nan                                    ,nan                                         ,nan                                   ,nan                                        ,nan                                               ,nan                                                    ,"[100.3, 100.3, 99.4, 100.3, 100.3, 99.4]"
15              ,72             ,TSP_CITIES_SET_72_N_15.json,TIME_AND_DATA      ,ant_colony    ,6535.663900938335 ,7819.131859245047     ,"[0, 11, 4, 13, 5, 10, 3, 12, 7, 1, 2, 14, 9, 6, 8, 0]",False              ,527.9305368719952      ,7.2406523085851475     ,"[0, 6, 8, 11, 4, 13, 5, 10, 3, 12, 7, 2, 1, 14, 9, 0]",7291.201322373052 ,ACO_POP_100_ALPHA_0_7_BETA_1_9_RHO_0_7_NR_ITER_10,"{'suffix': 'ACO_POP_100_ALPHA_0_7_BETA_1_9_RHO_0_7_NR_ITER_10', 'size_of_population': 100, 'alpha': 0.7, 'beta': 1.9, 'rho': 0.7, 'max_iterations': 10}",99.4                  ,100.10000000000001    ,0.3633180424916956    ,100.3                 ,0.7282725000000001  ,nan                                    ,nan                                         ,nan                                   ,nan                                        ,nan                                               ,nan                                                    ,"[100.3, 100.3, 99.4, 100.0, 100.3, 100.3]"
15              ,73             ,TSP_CITIES_SET_73_N_15.json,TIME_AND_DATA      ,ant_colony    ,5784.59109155415  ,6942.956318932804     ,"[0, 9, 10, 14, 7, 1, 11, 2, 8, 4, 13, 3, 12, 5, 6, 0]",False              ,448.5937263498645      ,6.907432714985655      ,"[0, 10, 7, 14, 6, 5, 12, 3, 13, 4, 8, 2, 11, 1, 9, 0]",6494.362592582939 ,ACO_POP_100_ALPHA_0_7_BETA_1_9_RHO_0_7_NR_ITER_10,"{'suffix': 'ACO_POP_100_ALPHA_0_7_BETA_1_9_RHO_0_7_NR_ITER_10', 'size_of_population': 100, 'alpha': 0.7, 'beta': 1.9, 'rho': 0.7, 'max_iterations': 10}",99.4                  ,100.10000000000001    ,0.3633180424916956    ,100.3                 ,0.7445637           ,nan                                    ,nan                                         ,nan                                   ,nan                                        ,nan                                               ,nan                                                    ,"[100.3, 100.3, 99.4, 100.3, 100.0, 100.3]"
15              ,74             ,TSP_CITIES_SET_74_N_15.json,TIME_AND_DATA      ,ant_colony    ,6768.143099812088 ,7982.523600314298     ,"[0, 7, 10, 2, 4, 8, 3, 13, 12, 9, 1, 14, 5, 11, 6, 0]",False              ,394.4601465151245      ,5.198429730020604      ,"[0, 7, 12, 13, 3, 8, 4, 2, 10, 11, 5, 6, 14, 1, 9, 0]",7588.063453799174 ,ACO_POP_100_ALPHA_0_7_BETA_1_9_RHO_0_7_NR_ITER_10,"{'suffix': 'ACO_POP_100_ALPHA_0_7_BETA_1_9_RHO_0_7_NR_ITER_10', 'size_of_population': 100, 'alpha': 0.7, 'beta': 1.9, 'rho': 0.7, 'max_iterations': 10}",85.2                  ,97.58333333333333     ,6.076649296007353     ,100.3                 ,0.7493162000000004  ,nan                                    ,nan                                         ,nan                                   ,nan                                        ,nan                                               ,nan                                                    ,"[100.3, 100.0, 100.3, 99.4, 100.3, 85.2]"
15              ,75             ,TSP_CITIES_SET_75_N_15.json,TIME_AND_DATA      ,ant_colony    ,5917.004470781369 ,7098.787022691829     ,"[0, 2, 7, 14, 13, 1, 12, 6, 8, 9, 10, 3, 5, 4, 11, 0]",False              ,411.84722167000837     ,6.158979053573574      ,"[0, 2, 13, 12, 1, 14, 7, 5, 4, 11, 3, 10, 9, 8, 6, 0]",6686.939801021821 ,ACO_POP_100_ALPHA_0_7_BETA_1_9_RHO_0_7_NR_ITER_10,"{'suffix': 'ACO_POP_100_ALPHA_0_7_BETA_1_9_RHO_0_7_NR_ITER_10', 'size_of_population': 100, 'alpha': 0.7, 'beta': 1.9, 'rho': 0.7, 'max_iterations': 10}",99.4                  ,99.85000000000001     ,0.4929503017546448    ,100.3                 ,0.7426238999999999  ,nan                                    ,nan                                         ,nan                                   ,nan                                        ,nan                                               ,nan                                                    ,"[99.4, 100.3, 99.4, 100.3, 100.3, 99.4]"
15              ,76             ,TSP_CITIES_SET_76_N_15.json,TIME_AND_DATA      ,ant_colony    ,6398.104362495371 ,7464.9876738279645    ,"[0, 8, 14, 1, 13, 7, 11, 3, 4, 12, 9, 2, 6, 10, 5, 0]",False              ,185.92480986553892     ,2.554241024432217      ,"[0, 14, 1, 13, 7, 11, 3, 4, 12, 9, 2, 6, 10, 5, 8, 0]",7279.062863962426 ,ACO_POP_100_ALPHA_0_7_BETA_1_9_RHO_0_7_NR_ITER_10,"{'suffix': 'ACO_POP_100_ALPHA_0_7_BETA_1_9_RHO_0_7_NR_ITER_10', 'size_of_population': 100, 'alpha': 0.7, 'beta': 1.9, 'rho': 0.7, 'max_iterations': 10}",99.4                  ,99.95714285714284     ,0.43915503282683577   ,100.3                 ,0.7574558999999996  ,nan                                    ,nan                                         ,nan                                   ,nan                                        ,nan                                               ,nan                                                    ,"[100.3, 99.4, 100.3, 100.3, 99.7, 100.3, 99.4]"
15              ,77             ,TSP_CITIES_SET_77_N_15.json,TIME_AND_DATA      ,ant_colony    ,5579.743996093858 ,6357.808260791833     ,"[0, 10, 6, 13, 5, 8, 12, 14, 4, 9, 2, 7, 1, 11, 3, 0]",False              ,108.60661511132821     ,1.7379278389328006     ,"[0, 3, 11, 1, 7, 9, 2, 4, 14, 12, 8, 5, 13, 6, 10, 0]",6249.201645680505 ,ACO_POP_100_ALPHA_0_7_BETA_1_9_RHO_0_7_NR_ITER_10,"{'suffix': 'ACO_POP_100_ALPHA_0_7_BETA_1_9_RHO_0_7_NR_ITER_10', 'size_of_population': 100, 'alpha': 0.7, 'beta': 1.9, 'rho': 0.7, 'max_iterations': 10}",99.4                  ,99.89999999999999     ,0.45166359162544434   ,100.3                 ,0.7333212999999996  ,nan                                    ,nan                                         ,nan                                   ,nan                                        ,nan                                               ,nan                                                    ,"[99.4, 100.3, 99.7, 100.3, 99.4, 100.3]"
15              ,78             ,TSP_CITIES_SET_78_N_15.json,TIME_AND_DATA      ,ant_colony    ,6371.50746343338  ,7699.0047327337725    ,"[0, 14, 5, 10, 8, 13, 4, 7, 3, 9, 6, 2, 11, 12, 1, 0]",False              ,547.242799579325       ,7.651859845087869      ,"[0, 14, 5, 13, 8, 10, 1, 12, 11, 2, 6, 9, 7, 3, 4, 0]",7151.761933154447 ,ACO_POP_100_ALPHA_0_7_BETA_1_9_RHO_0_7_NR_ITER_10,"{'suffix': 'ACO_POP_100_ALPHA_0_7_BETA_1_9_RHO_0_7_NR_ITER_10', 'size_of_population': 100, 'alpha': 0.7, 'beta': 1.9, 'rho': 0.7, 'max_iterations': 10}",99.4                  ,100.0                 ,0.4647580015448856    ,100.3                 ,0.7283674000000002  ,nan                                    ,nan                                         ,nan                                   ,nan                                        ,nan                                               ,nan                                                    ,"[100.3, 100.3, 99.4, 100.3, 100.3, 99.4]"
15              ,79             ,TSP_CITIES_SET_79_N_15.json,TIME_AND_DATA      ,ant_colony    ,6138.275924605705 ,7515.126315897366     ,"[0, 7, 4, 5, 6, 12, 2, 8, 9, 1, 3, 14, 10, 13, 11, 0]",False              ,243.07597935408467     ,3.342605841609578      ,"[0, 7, 4, 5, 6, 12, 2, 8, 9, 1, 3, 11, 13, 10, 14, 0]",7272.050336543281 ,ACO_POP_100_ALPHA_0_7_BETA_1_9_RHO_0_7_NR_ITER_10,"{'suffix': 'ACO_POP_100_ALPHA_0_7_BETA_1_9_RHO_0_7_NR_ITER_10', 'size_of_population': 100, 'alpha': 0.7, 'beta': 1.9, 'rho': 0.7, 'max_iterations': 10}",99.4                  ,100.04285714285713    ,0.43915503282683577   ,100.3                 ,0.7945014999999995  ,nan                                    ,nan                                         ,nan                                   ,nan                                        ,nan                                               ,nan                                                    ,"[100.3, 100.3, 99.4, 100.3, 100.3, 99.4, 100.3]"
15              ,80             ,TSP_CITIES_SET_80_N_15.json,TIME_AND_DATA      ,ant_colony    ,6101.903754162337 ,7225.612791235546     ,"[0, 13, 1, 6, 9, 14, 3, 11, 7, 2, 10, 8, 4, 5, 12, 0]",False              ,211.15623502555536     ,3.010300703033309      ,"[0, 5, 4, 12, 8, 10, 2, 7, 11, 3, 14, 6, 9, 13, 1, 0]",7014.456556209991 ,ACO_POP_100_ALPHA_0_7_BETA_1_9_RHO_0_7_NR_ITER_10,"{'suffix': 'ACO_POP_100_ALPHA_0_7_BETA_1_9_RHO_0_7_NR_ITER_10', 'size_of_population': 100, 'alpha': 0.7, 'beta': 1.9, 'rho': 0.7, 'max_iterations': 10}",99.4                  ,100.04285714285713    ,0.43915503282683577   ,100.3                 ,0.7827681000000002  ,nan                                    ,nan                                         ,nan                                   ,nan                                        ,nan                                               ,nan                                                    ,"[100.3, 100.3, 99.4, 100.3, 100.3, 99.4, 100.3]"
15              ,81             ,TSP_CITIES_SET_81_N_15.json,TIME_AND_DATA      ,ant_colony    ,5767.135392630393 ,6905.044439962384     ,"[0, 11, 8, 9, 13, 4, 7, 10, 3, 14, 5, 6, 2, 1, 12, 0]",False              ,173.6377984286628      ,2.579517293715303      ,"[0, 2, 12, 1, 5, 6, 14, 3, 10, 7, 4, 13, 9, 8, 11, 0]",6731.406641533721 ,ACO_POP_100_ALPHA_0_7_BETA_1_9_RHO_0_7_NR_ITER_10,"{'suffix': 'ACO_POP_100_ALPHA_0_7_BETA_1_9_RHO_0_7_NR_ITER_10', 'size_of_population': 100, 'alpha': 0.7, 'beta': 1.9, 'rho': 0.7, 'max_iterations': 10}",86.0                  ,97.91428571428571     ,5.269860393922079     ,100.3                 ,0.8146800999999999  ,nan                                    ,nan                                         ,nan                                   ,nan                                        ,nan                                               ,nan                                                    ,"[99.4, 100.3, 100.3, 99.4, 100.3, 99.7, 86.0]"
15              ,82             ,TSP_CITIES_SET_82_N_15.json,TIME_AND_DATA      ,ant_colony    ,5145.278551713049 ,6122.546682780465     ,"[0, 6, 5, 14, 1, 7, 4, 12, 3, 2, 9, 10, 11, 8, 13, 0]",False              ,129.23289195645248     ,2.1562844273949557     ,"[0, 13, 8, 10, 11, 2, 9, 12, 3, 4, 7, 1, 14, 5, 6, 0]",5993.313790824012 ,ACO_POP_100_ALPHA_0_7_BETA_1_9_RHO_0_7_NR_ITER_10,"{'suffix': 'ACO_POP_100_ALPHA_0_7_BETA_1_9_RHO_0_7_NR_ITER_10', 'size_of_population': 100, 'alpha': 0.7, 'beta': 1.9, 'rho': 0.7, 'max_iterations': 10}",99.4                  ,100.0                 ,0.4647580015448856    ,100.3                 ,0.7518425000000004  ,nan                                    ,nan                                         ,nan                                   ,nan                                        ,nan                                               ,nan                                                    ,"[100.3, 100.3, 99.4, 100.3, 99.4, 100.3]"
15              ,83             ,TSP_CITIES_SET_83_N_15.json,TIME_AND_DATA      ,ant_colony    ,6219.617467229804 ,7306.6340264413       ,"[0, 12, 3, 4, 14, 9, 8, 6, 10, 1, 11, 5, 7, 2, 13, 0]",False              ,80.16422355480972      ,1.1093137554216235     ,"[0, 3, 12, 13, 2, 7, 5, 11, 1, 10, 6, 8, 9, 4, 14, 0]",7226.4698028864905,ACO_POP_100_ALPHA_0_7_BETA_1_9_RHO_0_7_NR_ITER_10,"{'suffix': 'ACO_POP_100_ALPHA_0_7_BETA_1_9_RHO_0_7_NR_ITER_10', 'size_of_population': 100, 'alpha': 0.7, 'beta': 1.9, 'rho': 0.7, 'max_iterations': 10}",99.4                  ,99.95                 ,0.4415880433163882    ,100.3                 ,0.7463117000000001  ,nan                                    ,nan                                         ,nan                                   ,nan                                        ,nan                                               ,nan                                                    ,"[100.3, 99.4, 100.3, 100.0, 100.3, 99.4]"
15              ,84             ,TSP_CITIES_SET_84_N_15.json,TIME_AND_DATA      ,ant_colony    ,6758.673428444328 ,7703.3537976698135    ,"[0, 12, 8, 1, 11, 9, 14, 4, 10, 5, 6, 13, 2, 3, 7, 0]",False              ,259.0647890389537      ,3.480047439568717      ,"[0, 8, 12, 3, 7, 2, 13, 6, 5, 10, 4, 14, 9, 11, 1, 0]",7444.28900863086  ,ACO_POP_100_ALPHA_0_7_BETA_1_9_RHO_0_7_NR_ITER_10,"{'suffix': 'ACO_POP_100_ALPHA_0_7_BETA_1_9_RHO_0_7_NR_ITER_10', 'size_of_population': 100, 'alpha': 0.7, 'beta': 1.9, 'rho': 0.7, 'max_iterations': 10}",99.4                  ,99.89999999999999     ,0.45166359162544434   ,100.3                 ,0.7279180999999997  ,nan                                    ,nan                                         ,nan                                   ,nan                                        ,nan                                               ,nan                                                    ,"[99.4, 100.3, 99.7, 100.3, 99.4, 100.3]"
15              ,85             ,TSP_CITIES_SET_85_N_15.json,TIME_AND_DATA      ,ant_colony    ,6452.726027663218 ,7381.975186931065     ,"[0, 8, 3, 12, 14, 1, 7, 6, 10, 4, 9, 13, 2, 11, 5, 0]",False              ,278.3816407752174      ,3.918884702037398      ,"[0, 5, 11, 8, 3, 12, 14, 1, 7, 6, 10, 4, 9, 13, 2, 0]",7103.593546155847 ,ACO_POP_100_ALPHA_0_7_BETA_1_9_RHO_0_7_NR_ITER_10,"{'suffix': 'ACO_POP_100_ALPHA_0_7_BETA_1_9_RHO_0_7_NR_ITER_10', 'size_of_population': 100, 'alpha': 0.7, 'beta': 1.9, 'rho': 0.7, 'max_iterations': 10}",99.4                  ,99.85000000000001     ,0.4929503017546448    ,100.3                 ,0.7492872000000004  ,nan                                    ,nan                                         ,nan                                   ,nan                                        ,nan                                               ,nan                                                    ,"[99.4, 100.3, 100.3, 99.4, 100.3, 99.4]"
15              ,86             ,TSP_CITIES_SET_86_N_15.json,TIME_AND_DATA      ,ant_colony    ,6607.443296636649 ,7394.110316410582     ,"[0, 7, 2, 6, 8, 10, 12, 3, 5, 13, 1, 11, 4, 14, 9, 0]",False              ,155.42529265926714     ,2.1471481650229456     ,"[0, 7, 2, 6, 8, 10, 12, 3, 5, 13, 1, 4, 14, 11, 9, 0]",7238.6850237513145,ACO_POP_100_ALPHA_0_7_BETA_1_9_RHO_0_7_NR_ITER_10,"{'suffix': 'ACO_POP_100_ALPHA_0_7_BETA_1_9_RHO_0_7_NR_ITER_10', 'size_of_population': 100, 'alpha': 0.7, 'beta': 1.9, 'rho': 0.7, 'max_iterations': 10}",99.4                  ,99.90000000000002     ,0.45166359162544434   ,100.3                 ,0.7379233000000003  ,nan                                    ,nan                                         ,nan                                   ,nan                                        ,nan                                               ,nan                                                    ,"[100.3, 99.7, 100.3, 99.4, 100.3, 99.4]"
15              ,87             ,TSP_CITIES_SET_87_N_15.json,TIME_AND_DATA      ,ant_colony    ,6451.313477157891 ,7700.249023933624     ,"[0, 12, 10, 4, 6, 8, 11, 1, 13, 14, 5, 9, 7, 2, 3, 0]",False              ,567.778449188143       ,7.960473769054476      ,"[0, 10, 4, 6, 8, 11, 1, 13, 3, 2, 7, 9, 5, 14, 12, 0]",7132.470574745481 ,ACO_POP_100_ALPHA_0_7_BETA_1_9_RHO_0_7_NR_ITER_10,"{'suffix': 'ACO_POP_100_ALPHA_0_7_BETA_1_9_RHO_0_7_NR_ITER_10', 'size_of_population': 100, 'alpha': 0.7, 'beta': 1.9, 'rho': 0.7, 'max_iterations': 10}",86.0                  ,97.66666666666667     ,5.728059590006608     ,100.3                 ,0.7404677999999998  ,nan                                    ,nan                                         ,nan                                   ,nan                                        ,nan                                               ,nan                                                    ,"[100.3, 99.7, 100.3, 100.3, 99.4, 86.0]"
15              ,88             ,TSP_CITIES_SET_88_N_15.json,TIME_AND_DATA      ,ant_colony    ,5648.475204843486 ,6862.4360773595645    ,"[0, 8, 6, 4, 3, 2, 5, 13, 14, 11, 1, 7, 9, 10, 12, 0]",False              ,749.8885261320838      ,12.26801950982772      ,"[0, 8, 13, 5, 2, 3, 6, 4, 12, 10, 9, 1, 7, 11, 14, 0]",6112.547551227481 ,ACO_POP_100_ALPHA_0_7_BETA_1_9_RHO_0_7_NR_ITER_10,"{'suffix': 'ACO_POP_100_ALPHA_0_7_BETA_1_9_RHO_0_7_NR_ITER_10', 'size_of_population': 100, 'alpha': 0.7, 'beta': 1.9, 'rho': 0.7, 'max_iterations': 10}",99.4                  ,100.0                 ,0.4647580015448856    ,100.3                 ,0.7466223000000003  ,nan                                    ,nan                                         ,nan                                   ,nan                                        ,nan                                               ,nan                                                    ,"[99.4, 100.3, 100.3, 99.4, 100.3, 100.3]"
15              ,89             ,TSP_CITIES_SET_89_N_15.json,TIME_AND_DATA      ,ant_colony    ,6382.011574925696 ,7601.494252129435     ,"[0, 11, 12, 10, 2, 8, 4, 13, 9, 3, 6, 7, 14, 5, 1, 0]",False              ,836.5397545712394      ,12.365785385152076     ,"[0, 9, 3, 7, 6, 14, 1, 5, 12, 10, 2, 8, 4, 13, 11, 0]",6764.954497558196 ,ACO_POP_100_ALPHA_0_7_BETA_1_9_RHO_0_7_NR_ITER_10,"{'suffix': 'ACO_POP_100_ALPHA_0_7_BETA_1_9_RHO_0_7_NR_ITER_10', 'size_of_population': 100, 'alpha': 0.7, 'beta': 1.9, 'rho': 0.7, 'max_iterations': 10}",99.4                  ,99.95                 ,0.4415880433163882    ,100.3                 ,0.7452082000000004  ,nan                                    ,nan                                         ,nan                                   ,nan                                        ,nan                                               ,nan                                                    ,"[100.3, 100.0, 99.4, 100.3, 100.3, 99.4]"
15              ,90             ,TSP_CITIES_SET_90_N_15.json,TIME_AND_DATA      ,ant_colony    ,6665.101560852298 ,7927.458483437982     ,"[0, 9, 3, 1, 4, 12, 10, 2, 8, 14, 7, 6, 11, 13, 5, 0]",False              ,120.90057982373855     ,1.5487053489703135     ,"[0, 13, 5, 11, 6, 7, 14, 8, 2, 10, 12, 4, 1, 3, 9, 0]",7806.5579036142435,ACO_POP_100_ALPHA_0_7_BETA_1_9_RHO_0_7_NR_ITER_10,"{'suffix': 'ACO_POP_100_ALPHA_0_7_BETA_1_9_RHO_0_7_NR_ITER_10', 'size_of_population': 100, 'alpha': 0.7, 'beta': 1.9, 'rho': 0.7, 'max_iterations': 10}",99.4                  ,100.08333333333333    ,0.5636192568273923    ,100.8                 ,0.7566783000000004  ,nan                                    ,nan                                         ,nan                                   ,nan                                        ,nan                                               ,nan                                                    ,"[100.3, 99.4, 100.3, 100.3, 99.4, 100.8]"
15              ,91             ,TSP_CITIES_SET_91_N_15.json,TIME_AND_DATA      ,ant_colony    ,5984.338440739891 ,7079.2562458741395    ,"[0, 10, 13, 3, 5, 12, 11, 7, 2, 1, 9, 14, 8, 6, 4, 0]",False              ,353.049737800864       ,5.2488685468861        ,"[0, 10, 14, 8, 6, 4, 9, 1, 2, 7, 11, 12, 5, 3, 13, 0]",6726.2065080732755,ACO_POP_100_ALPHA_0_7_BETA_1_9_RHO_0_7_NR_ITER_10,"{'suffix': 'ACO_POP_100_ALPHA_0_7_BETA_1_9_RHO_0_7_NR_ITER_10', 'size_of_population': 100, 'alpha': 0.7, 'beta': 1.9, 'rho': 0.7, 'max_iterations': 10}",99.4                  ,99.99999999999999     ,0.42426406871192446   ,100.3                 ,0.8671063000000001  ,nan                                    ,nan                                         ,nan                                   ,nan                                        ,nan                                               ,nan                                                    ,"[100.3, 100.3, 99.4, 100.3, 99.7, 100.3, 99.4, 100.3]"
15              ,92             ,TSP_CITIES_SET_92_N_15.json,TIME_AND_DATA      ,ant_colony    ,7881.295151944745 ,9081.418895564544     ,"[0, 8, 9, 2, 13, 14, 12, 1, 4, 11, 3, 10, 7, 6, 5, 0]",False              ,1147.3242646332146     ,14.460682888257132     ,"[0, 8, 11, 3, 10, 5, 7, 6, 14, 12, 1, 4, 9, 2, 13, 0]",7934.094630931329 ,ACO_POP_100_ALPHA_0_7_BETA_1_9_RHO_0_7_NR_ITER_10,"{'suffix': 'ACO_POP_100_ALPHA_0_7_BETA_1_9_RHO_0_7_NR_ITER_10', 'size_of_population': 100, 'alpha': 0.7, 'beta': 1.9, 'rho': 0.7, 'max_iterations': 10}",99.4                  ,99.89999999999999     ,0.47434164902525244   ,100.3                 ,1.0086342999999998  ,nan                                    ,nan                                         ,nan                                   ,nan                                        ,nan                                               ,nan                                                    ,"[99.4, 100.3, 99.4, 100.3, 100.3, 99.4, 100.3, 100.3, 99.4]"
15              ,93             ,TSP_CITIES_SET_93_N_15.json,TIME_AND_DATA      ,ant_colony    ,6188.655589897431 ,7155.568719397698     ,"[0, 11, 2, 6, 5, 12, 8, 1, 9, 13, 3, 4, 10, 14, 7, 0]",False              ,135.22134629417178     ,1.9261346925970373     ,"[0, 4, 7, 14, 10, 3, 13, 9, 1, 8, 12, 5, 6, 2, 11, 0]",7020.3473731035265,ACO_POP_100_ALPHA_0_7_BETA_1_9_RHO_0_7_NR_ITER_10,"{'suffix': 'ACO_POP_100_ALPHA_0_7_BETA_1_9_RHO_0_7_NR_ITER_10', 'size_of_population': 100, 'alpha': 0.7, 'beta': 1.9, 'rho': 0.7, 'max_iterations': 10}",99.4                  ,99.85000000000001     ,0.4929503017546448    ,100.3                 ,0.7297297999999999  ,nan                                    ,nan                                         ,nan                                   ,nan                                        ,nan                                               ,nan                                                    ,"[99.4, 100.3, 99.4, 100.3, 100.3, 99.4]"
15              ,94             ,TSP_CITIES_SET_94_N_15.json,TIME_AND_DATA      ,ant_colony    ,5634.704508404502 ,6809.984900481219     ,"[0, 3, 6, 14, 8, 2, 10, 9, 12, 1, 13, 7, 4, 11, 5, 0]",False              ,348.4443633501305      ,5.392589605339522      ,"[0, 14, 8, 2, 10, 9, 12, 1, 13, 7, 5, 11, 4, 6, 3, 0]",6461.540537131088 ,ACO_POP_100_ALPHA_0_7_BETA_1_9_RHO_0_7_NR_ITER_10,"{'suffix': 'ACO_POP_100_ALPHA_0_7_BETA_1_9_RHO_0_7_NR_ITER_10', 'size_of_population': 100, 'alpha': 0.7, 'beta': 1.9, 'rho': 0.7, 'max_iterations': 10}",99.4                  ,100.0                 ,0.37947331922020194   ,100.3                 ,0.7492854000000002  ,nan                                    ,nan                                         ,nan                                   ,nan                                        ,nan                                               ,nan                                                    ,"[100.3, 99.4, 100.0, 99.7, 100.3, 100.3]"
15              ,95             ,TSP_CITIES_SET_95_N_15.json,TIME_AND_DATA      ,ant_colony    ,5439.078829613212 ,6321.77130154214      ,"[0, 10, 4, 11, 1, 9, 13, 8, 2, 3, 7, 12, 6, 5, 14, 0]",False              ,200.83587124589212     ,3.2811303686007327     ,"[0, 5, 6, 14, 11, 1, 9, 13, 8, 2, 3, 7, 12, 10, 4, 0]",6120.935430296247 ,ACO_POP_100_ALPHA_0_7_BETA_1_9_RHO_0_7_NR_ITER_10,"{'suffix': 'ACO_POP_100_ALPHA_0_7_BETA_1_9_RHO_0_7_NR_ITER_10', 'size_of_population': 100, 'alpha': 0.7, 'beta': 1.9, 'rho': 0.7, 'max_iterations': 10}",99.4                  ,100.0                 ,0.4647580015448856    ,100.3                 ,0.7441309999999999  ,nan                                    ,nan                                         ,nan                                   ,nan                                        ,nan                                               ,nan                                                    ,"[100.3, 99.4, 100.3, 99.4, 100.3, 100.3]"
15              ,96             ,TSP_CITIES_SET_96_N_15.json,TIME_AND_DATA      ,ant_colony    ,5206.546071528758 ,5873.6630028084255    ,"[0, 4, 7, 12, 5, 3, 14, 6, 11, 1, 10, 13, 9, 2, 8, 0]",False              ,152.97067810442059     ,2.673988905920324      ,"[0, 4, 8, 2, 9, 13, 10, 1, 11, 6, 14, 7, 12, 3, 5, 0]",5720.692324704005 ,ACO_POP_100_ALPHA_0_7_BETA_1_9_RHO_0_7_NR_ITER_10,"{'suffix': 'ACO_POP_100_ALPHA_0_7_BETA_1_9_RHO_0_7_NR_ITER_10', 'size_of_population': 100, 'alpha': 0.7, 'beta': 1.9, 'rho': 0.7, 'max_iterations': 10}",99.4                  ,99.90000000000002     ,0.45166359162544434   ,100.3                 ,0.7353068000000005  ,nan                                    ,nan                                         ,nan                                   ,nan                                        ,nan                                               ,nan                                                    ,"[99.7, 100.3, 100.3, 99.4, 100.3, 99.4]"
15              ,97             ,TSP_CITIES_SET_97_N_15.json,TIME_AND_DATA      ,ant_colony    ,6482.71112663845  ,7595.017289527068     ,"[0, 11, 2, 3, 7, 12, 9, 6, 4, 14, 8, 10, 5, 13, 1, 0]",False              ,628.6836964819195      ,9.024599354667236      ,"[0, 14, 8, 10, 5, 1, 13, 2, 7, 3, 12, 9, 6, 4, 11, 0]",6966.3335930451485,ACO_POP_100_ALPHA_0_7_BETA_1_9_RHO_0_7_NR_ITER_10,"{'suffix': 'ACO_POP_100_ALPHA_0_7_BETA_1_9_RHO_0_7_NR_ITER_10', 'size_of_population': 100, 'alpha': 0.7, 'beta': 1.9, 'rho': 0.7, 'max_iterations': 10}",99.4                  ,100.0                 ,0.4647580015448856    ,100.3                 ,0.7430228999999997  ,nan                                    ,nan                                         ,nan                                   ,nan                                        ,nan                                               ,nan                                                    ,"[100.3, 100.3, 99.4, 100.3, 100.3, 99.4]"
15              ,98             ,TSP_CITIES_SET_98_N_15.json,TIME_AND_DATA      ,ant_colony    ,5407.185839851917 ,6354.33841467817      ,"[0, 13, 9, 7, 4, 6, 14, 3, 2, 12, 8, 1, 5, 11, 10, 0]",False              ,652.8173350891739      ,11.449880233297906     ,"[0, 6, 4, 7, 9, 13, 10, 11, 5, 1, 8, 3, 2, 14, 12, 0]",5701.521079588996 ,ACO_POP_100_ALPHA_0_7_BETA_1_9_RHO_0_7_NR_ITER_10,"{'suffix': 'ACO_POP_100_ALPHA_0_7_BETA_1_9_RHO_0_7_NR_ITER_10', 'size_of_population': 100, 'alpha': 0.7, 'beta': 1.9, 'rho': 0.7, 'max_iterations': 10}",99.4                  ,100.0                 ,0.4647580015448856    ,100.3                 ,0.7233789000000002  ,nan                                    ,nan                                         ,nan                                   ,nan                                        ,nan                                               ,nan                                                    ,"[100.3, 99.4, 100.3, 100.3, 99.4, 100.3]"
15              ,99             ,TSP_CITIES_SET_99_N_15.json,TIME_AND_DATA      ,ant_colony    ,6398.755000886135 ,7600.87188372241      ,"[0, 6, 13, 14, 11, 12, 10, 5, 8, 9, 2, 4, 7, 3, 1, 0]",False              ,183.35263598999518     ,2.471886217835529      ,"[0, 9, 2, 4, 7, 3, 1, 6, 13, 14, 11, 12, 10, 5, 8, 0]",7417.519247732414 ,ACO_POP_100_ALPHA_0_7_BETA_1_9_RHO_0_7_NR_ITER_10,"{'suffix': 'ACO_POP_100_ALPHA_0_7_BETA_1_9_RHO_0_7_NR_ITER_10', 'size_of_population': 100, 'alpha': 0.7, 'beta': 1.9, 'rho': 0.7, 'max_iterations': 10}",99.4                  ,100.0                 ,0.4647580015448856    ,100.3                 ,0.7336325000000001  ,nan                                    ,nan                                         ,nan                                   ,nan                                        ,nan                                               ,nan                                                    ,"[100.3, 99.4, 100.3, 99.4, 100.3, 100.3]"
