number_of_cities,index_of_sample,name_of_src_file           ,type_of_measurement,used_algorithm,full_cost,hamiltonian_cycle_cost,best_way,best_way_is_optimal,absolute_distance_error,relative_distance_error,optimal_way,optimal_cost,suffix                                           ,parameters                                                                                                                                               ,min_utilization_of_cpu,avg_utilization_of_cpu,std_utilization_of_cpu,max_utilization_of_cpu,time_duration_is_sec,used_memory_before_measurement_in_bytes,used_memory_peak_before_measurement_in_bytes,used_memory_after_measurement_in_bytes,used_memory_peak_after_measurement_in_bytes,used_memory_diff_before_after_measurement_in_bytes,used_memory_peak_diff_before_after_measurement_in_bytes,utilization_of_cpu
15              ,0              ,TSP_CITIES_SET_0_N_15.json ,TIME_AND_MEMORY    ,ant_colony    ,nan      ,nan                   ,[]      ,False              ,nan                    ,nan                    ,[]         ,nan         ,ACO_POP_100_ALPHA_0_7_BETA_1_9_RHO_0_7_NR_ITER_60,"{'suffix': 'ACO_POP_100_ALPHA_0_7_BETA_1_9_RHO_0_7_NR_ITER_60', 'size_of_population': 100, 'alpha': 0.7, 'beta': 1.9, 'rho': 0.7, 'max_iterations': 60}",nan                   ,nan                   ,nan                   ,nan                   ,8.545066299999988   ,224                                    ,1583                                        ,30032                                 ,30032                                      ,29808                                             ,29808                                                  ,[]
15              ,1              ,TSP_CITIES_SET_1_N_15.json ,TIME_AND_MEMORY    ,ant_colony    ,nan      ,nan                   ,[]      ,False              ,nan                    ,nan                    ,[]         ,nan         ,ACO_POP_100_ALPHA_0_7_BETA_1_9_RHO_0_7_NR_ITER_60,"{'suffix': 'ACO_POP_100_ALPHA_0_7_BETA_1_9_RHO_0_7_NR_ITER_60', 'size_of_population': 100, 'alpha': 0.7, 'beta': 1.9, 'rho': 0.7, 'max_iterations': 60}",nan                   ,nan                   ,nan                   ,nan                   ,8.65810190000002    ,224                                    ,1583                                        ,30032                                 ,30032                                      ,29808                                             ,29808                                                  ,[]
15              ,2              ,TSP_CITIES_SET_2_N_15.json ,TIME_AND_MEMORY    ,ant_colony    ,nan      ,nan                   ,[]      ,False              ,nan                    ,nan                    ,[]         ,nan         ,ACO_POP_100_ALPHA_0_7_BETA_1_9_RHO_0_7_NR_ITER_60,"{'suffix': 'ACO_POP_100_ALPHA_0_7_BETA_1_9_RHO_0_7_NR_ITER_60', 'size_of_population': 100, 'alpha': 0.7, 'beta': 1.9, 'rho': 0.7, 'max_iterations': 60}",nan                   ,nan                   ,nan                   ,nan                   ,8.550190699999973   ,224                                    ,1583                                        ,30032                                 ,30032                                      ,29808                                             ,29808                                                  ,[]
15              ,3              ,TSP_CITIES_SET_3_N_15.json ,TIME_AND_MEMORY    ,ant_colony    ,nan      ,nan                   ,[]      ,False              ,nan                    ,nan                    ,[]         ,nan         ,ACO_POP_100_ALPHA_0_7_BETA_1_9_RHO_0_7_NR_ITER_60,"{'suffix': 'ACO_POP_100_ALPHA_0_7_BETA_1_9_RHO_0_7_NR_ITER_60', 'size_of_population': 100, 'alpha': 0.7, 'beta': 1.9, 'rho': 0.7, 'max_iterations': 60}",nan                   ,nan                   ,nan                   ,nan                   ,8.540410100000031   ,224                                    ,1583                                        ,30032                                 ,30032                                      ,29808                                             ,29808                                                  ,[]
15              ,4              ,TSP_CITIES_SET_4_N_15.json ,TIME_AND_MEMORY    ,ant_colony    ,nan      ,nan                   ,[]      ,False              ,nan                    ,nan                    ,[]         ,nan         ,ACO_POP_100_ALPHA_0_7_BETA_1_9_RHO_0_7_NR_ITER_60,"{'suffix': 'ACO_POP_100_ALPHA_0_7_BETA_1_9_RHO_0_7_NR_ITER_60', 'size_of_population': 100, 'alpha': 0.7, 'beta': 1.9, 'rho': 0.7, 'max_iterations': 60}",nan                   ,nan                   ,nan                   ,nan                   ,8.590704800000026   ,224                                    ,1583                                        ,30032                                 ,30032                                      ,29808                                             ,29808                                                  ,[]
15              ,5              ,TSP_CITIES_SET_5_N_15.json ,TIME_AND_MEMORY    ,ant_colony    ,nan      ,nan                   ,[]      ,False              ,nan                    ,nan                    ,[]         ,nan         ,ACO_POP_100_ALPHA_0_7_BETA_1_9_RHO_0_7_NR_ITER_60,"{'suffix': 'ACO_POP_100_ALPHA_0_7_BETA_1_9_RHO_0_7_NR_ITER_60', 'size_of_population': 100, 'alpha': 0.7, 'beta': 1.9, 'rho': 0.7, 'max_iterations': 60}",nan                   ,nan                   ,nan                   ,nan                   ,8.55723839999996    ,224                                    ,1583                                        ,30032                                 ,30032                                      ,29808                                             ,29808                                                  ,[]
15              ,6              ,TSP_CITIES_SET_6_N_15.json ,TIME_AND_MEMORY    ,ant_colony    ,nan      ,nan                   ,[]      ,False              ,nan                    ,nan                    ,[]         ,nan         ,ACO_POP_100_ALPHA_0_7_BETA_1_9_RHO_0_7_NR_ITER_60,"{'suffix': 'ACO_POP_100_ALPHA_0_7_BETA_1_9_RHO_0_7_NR_ITER_60', 'size_of_population': 100, 'alpha': 0.7, 'beta': 1.9, 'rho': 0.7, 'max_iterations': 60}",nan                   ,nan                   ,nan                   ,nan                   ,8.591327999999976   ,224                                    ,1583                                        ,30032                                 ,30032                                      ,29808                                             ,29808                                                  ,[]
15              ,7              ,TSP_CITIES_SET_7_N_15.json ,TIME_AND_MEMORY    ,ant_colony    ,nan      ,nan                   ,[]      ,False              ,nan                    ,nan                    ,[]         ,nan         ,ACO_POP_100_ALPHA_0_7_BETA_1_9_RHO_0_7_NR_ITER_60,"{'suffix': 'ACO_POP_100_ALPHA_0_7_BETA_1_9_RHO_0_7_NR_ITER_60', 'size_of_population': 100, 'alpha': 0.7, 'beta': 1.9, 'rho': 0.7, 'max_iterations': 60}",nan                   ,nan                   ,nan                   ,nan                   ,8.586879099999805   ,224                                    ,1583                                        ,30032                                 ,30032                                      ,29808                                             ,29808                                                  ,[]
15              ,8              ,TSP_CITIES_SET_8_N_15.json ,TIME_AND_MEMORY    ,ant_colony    ,nan      ,nan                   ,[]      ,False              ,nan                    ,nan                    ,[]         ,nan         ,ACO_POP_100_ALPHA_0_7_BETA_1_9_RHO_0_7_NR_ITER_60,"{'suffix': 'ACO_POP_100_ALPHA_0_7_BETA_1_9_RHO_0_7_NR_ITER_60', 'size_of_population': 100, 'alpha': 0.7, 'beta': 1.9, 'rho': 0.7, 'max_iterations': 60}",nan                   ,nan                   ,nan                   ,nan                   ,9.044022899999845   ,224                                    ,1583                                        ,30032                                 ,30032                                      ,29808                                             ,29808                                                  ,[]
15              ,9              ,TSP_CITIES_SET_9_N_15.json ,TIME_AND_MEMORY    ,ant_colony    ,nan      ,nan                   ,[]      ,False              ,nan                    ,nan                    ,[]         ,nan         ,ACO_POP_100_ALPHA_0_7_BETA_1_9_RHO_0_7_NR_ITER_60,"{'suffix': 'ACO_POP_100_ALPHA_0_7_BETA_1_9_RHO_0_7_NR_ITER_60', 'size_of_population': 100, 'alpha': 0.7, 'beta': 1.9, 'rho': 0.7, 'max_iterations': 60}",nan                   ,nan                   ,nan                   ,nan                   ,9.110238800000161   ,224                                    ,1583                                        ,30032                                 ,30032                                      ,29808                                             ,29808                                                  ,[]
15              ,10             ,TSP_CITIES_SET_10_N_15.json,TIME_AND_MEMORY    ,ant_colony    ,nan      ,nan                   ,[]      ,False              ,nan                    ,nan                    ,[]         ,nan         ,ACO_POP_100_ALPHA_0_7_BETA_1_9_RHO_0_7_NR_ITER_60,"{'suffix': 'ACO_POP_100_ALPHA_0_7_BETA_1_9_RHO_0_7_NR_ITER_60', 'size_of_population': 100, 'alpha': 0.7, 'beta': 1.9, 'rho': 0.7, 'max_iterations': 60}",nan                   ,nan                   ,nan                   ,nan                   ,9.284979600000042   ,224                                    ,1583                                        ,30032                                 ,30032                                      ,29808                                             ,29808                                                  ,[]
15              ,11             ,TSP_CITIES_SET_11_N_15.json,TIME_AND_MEMORY    ,ant_colony    ,nan      ,nan                   ,[]      ,False              ,nan                    ,nan                    ,[]         ,nan         ,ACO_POP_100_ALPHA_0_7_BETA_1_9_RHO_0_7_NR_ITER_60,"{'suffix': 'ACO_POP_100_ALPHA_0_7_BETA_1_9_RHO_0_7_NR_ITER_60', 'size_of_population': 100, 'alpha': 0.7, 'beta': 1.9, 'rho': 0.7, 'max_iterations': 60}",nan                   ,nan                   ,nan                   ,nan                   ,8.908152399999835   ,224                                    ,1583                                        ,30032                                 ,30032                                      ,29808                                             ,29808                                                  ,[]
15              ,12             ,TSP_CITIES_SET_12_N_15.json,TIME_AND_MEMORY    ,ant_colony    ,nan      ,nan                   ,[]      ,False              ,nan                    ,nan                    ,[]         ,nan         ,ACO_POP_100_ALPHA_0_7_BETA_1_9_RHO_0_7_NR_ITER_60,"{'suffix': 'ACO_POP_100_ALPHA_0_7_BETA_1_9_RHO_0_7_NR_ITER_60', 'size_of_population': 100, 'alpha': 0.7, 'beta': 1.9, 'rho': 0.7, 'max_iterations': 60}",nan                   ,nan                   ,nan                   ,nan                   ,8.66626690000021    ,224                                    ,1583                                        ,30032                                 ,30032                                      ,29808                                             ,29808                                                  ,[]
15              ,13             ,TSP_CITIES_SET_13_N_15.json,TIME_AND_MEMORY    ,ant_colony    ,nan      ,nan                   ,[]      ,False              ,nan                    ,nan                    ,[]         ,nan         ,ACO_POP_100_ALPHA_0_7_BETA_1_9_RHO_0_7_NR_ITER_60,"{'suffix': 'ACO_POP_100_ALPHA_0_7_BETA_1_9_RHO_0_7_NR_ITER_60', 'size_of_population': 100, 'alpha': 0.7, 'beta': 1.9, 'rho': 0.7, 'max_iterations': 60}",nan                   ,nan                   ,nan                   ,nan                   ,8.559546199999659   ,224                                    ,1583                                        ,30032                                 ,30032                                      ,29808                                             ,29808                                                  ,[]
15              ,14             ,TSP_CITIES_SET_14_N_15.json,TIME_AND_MEMORY    ,ant_colony    ,nan      ,nan                   ,[]      ,False              ,nan                    ,nan                    ,[]         ,nan         ,ACO_POP_100_ALPHA_0_7_BETA_1_9_RHO_0_7_NR_ITER_60,"{'suffix': 'ACO_POP_100_ALPHA_0_7_BETA_1_9_RHO_0_7_NR_ITER_60', 'size_of_population': 100, 'alpha': 0.7, 'beta': 1.9, 'rho': 0.7, 'max_iterations': 60}",nan                   ,nan                   ,nan                   ,nan                   ,8.554982999999993   ,224                                    ,1583                                        ,30032                                 ,30032                                      ,29808                                             ,29808                                                  ,[]
15              ,15             ,TSP_CITIES_SET_15_N_15.json,TIME_AND_MEMORY    ,ant_colony    ,nan      ,nan                   ,[]      ,False              ,nan                    ,nan                    ,[]         ,nan         ,ACO_POP_100_ALPHA_0_7_BETA_1_9_RHO_0_7_NR_ITER_60,"{'suffix': 'ACO_POP_100_ALPHA_0_7_BETA_1_9_RHO_0_7_NR_ITER_60', 'size_of_population': 100, 'alpha': 0.7, 'beta': 1.9, 'rho': 0.7, 'max_iterations': 60}",nan                   ,nan                   ,nan                   ,nan                   ,8.545909500000107   ,224                                    ,1583                                        ,30032                                 ,30032                                      ,29808                                             ,29808                                                  ,[]
15              ,16             ,TSP_CITIES_SET_16_N_15.json,TIME_AND_MEMORY    ,ant_colony    ,nan      ,nan                   ,[]      ,False              ,nan                    ,nan                    ,[]         ,nan         ,ACO_POP_100_ALPHA_0_7_BETA_1_9_RHO_0_7_NR_ITER_60,"{'suffix': 'ACO_POP_100_ALPHA_0_7_BETA_1_9_RHO_0_7_NR_ITER_60', 'size_of_population': 100, 'alpha': 0.7, 'beta': 1.9, 'rho': 0.7, 'max_iterations': 60}",nan                   ,nan                   ,nan                   ,nan                   ,8.521642799999881   ,224                                    ,1583                                        ,30032                                 ,30032                                      ,29808                                             ,29808                                                  ,[]
15              ,17             ,TSP_CITIES_SET_17_N_15.json,TIME_AND_MEMORY    ,ant_colony    ,nan      ,nan                   ,[]      ,False              ,nan                    ,nan                    ,[]         ,nan         ,ACO_POP_100_ALPHA_0_7_BETA_1_9_RHO_0_7_NR_ITER_60,"{'suffix': 'ACO_POP_100_ALPHA_0_7_BETA_1_9_RHO_0_7_NR_ITER_60', 'size_of_population': 100, 'alpha': 0.7, 'beta': 1.9, 'rho': 0.7, 'max_iterations': 60}",nan                   ,nan                   ,nan                   ,nan                   ,8.52513349999981    ,224                                    ,1583                                        ,30032                                 ,30032                                      ,29808                                             ,29808                                                  ,[]
15              ,18             ,TSP_CITIES_SET_18_N_15.json,TIME_AND_MEMORY    ,ant_colony    ,nan      ,nan                   ,[]      ,False              ,nan                    ,nan                    ,[]         ,nan         ,ACO_POP_100_ALPHA_0_7_BETA_1_9_RHO_0_7_NR_ITER_60,"{'suffix': 'ACO_POP_100_ALPHA_0_7_BETA_1_9_RHO_0_7_NR_ITER_60', 'size_of_population': 100, 'alpha': 0.7, 'beta': 1.9, 'rho': 0.7, 'max_iterations': 60}",nan                   ,nan                   ,nan                   ,nan                   ,8.509400599999935   ,224                                    ,1583                                        ,30032                                 ,30032                                      ,29808                                             ,29808                                                  ,[]
15              ,19             ,TSP_CITIES_SET_19_N_15.json,TIME_AND_MEMORY    ,ant_colony    ,nan      ,nan                   ,[]      ,False              ,nan                    ,nan                    ,[]         ,nan         ,ACO_POP_100_ALPHA_0_7_BETA_1_9_RHO_0_7_NR_ITER_60,"{'suffix': 'ACO_POP_100_ALPHA_0_7_BETA_1_9_RHO_0_7_NR_ITER_60', 'size_of_population': 100, 'alpha': 0.7, 'beta': 1.9, 'rho': 0.7, 'max_iterations': 60}",nan                   ,nan                   ,nan                   ,nan                   ,8.554592099999809   ,224                                    ,1583                                        ,30032                                 ,30032                                      ,29808                                             ,29808                                                  ,[]
15              ,20             ,TSP_CITIES_SET_20_N_15.json,TIME_AND_MEMORY    ,ant_colony    ,nan      ,nan                   ,[]      ,False              ,nan                    ,nan                    ,[]         ,nan         ,ACO_POP_100_ALPHA_0_7_BETA_1_9_RHO_0_7_NR_ITER_60,"{'suffix': 'ACO_POP_100_ALPHA_0_7_BETA_1_9_RHO_0_7_NR_ITER_60', 'size_of_population': 100, 'alpha': 0.7, 'beta': 1.9, 'rho': 0.7, 'max_iterations': 60}",nan                   ,nan                   ,nan                   ,nan                   ,8.613987199999883   ,224                                    ,1583                                        ,30032                                 ,30032                                      ,29808                                             ,29808                                                  ,[]
15              ,21             ,TSP_CITIES_SET_21_N_15.json,TIME_AND_MEMORY    ,ant_colony    ,nan      ,nan                   ,[]      ,False              ,nan                    ,nan                    ,[]         ,nan         ,ACO_POP_100_ALPHA_0_7_BETA_1_9_RHO_0_7_NR_ITER_60,"{'suffix': 'ACO_POP_100_ALPHA_0_7_BETA_1_9_RHO_0_7_NR_ITER_60', 'size_of_population': 100, 'alpha': 0.7, 'beta': 1.9, 'rho': 0.7, 'max_iterations': 60}",nan                   ,nan                   ,nan                   ,nan                   ,8.629844199999752   ,224                                    ,1583                                        ,30032                                 ,30032                                      ,29808                                             ,29808                                                  ,[]
15              ,22             ,TSP_CITIES_SET_22_N_15.json,TIME_AND_MEMORY    ,ant_colony    ,nan      ,nan                   ,[]      ,False              ,nan                    ,nan                    ,[]         ,nan         ,ACO_POP_100_ALPHA_0_7_BETA_1_9_RHO_0_7_NR_ITER_60,"{'suffix': 'ACO_POP_100_ALPHA_0_7_BETA_1_9_RHO_0_7_NR_ITER_60', 'size_of_population': 100, 'alpha': 0.7, 'beta': 1.9, 'rho': 0.7, 'max_iterations': 60}",nan                   ,nan                   ,nan                   ,nan                   ,8.607868100000815   ,224                                    ,1583                                        ,30032                                 ,30032                                      ,29808                                             ,29808                                                  ,[]
15              ,23             ,TSP_CITIES_SET_23_N_15.json,TIME_AND_MEMORY    ,ant_colony    ,nan      ,nan                   ,[]      ,False              ,nan                    ,nan                    ,[]         ,nan         ,ACO_POP_100_ALPHA_0_7_BETA_1_9_RHO_0_7_NR_ITER_60,"{'suffix': 'ACO_POP_100_ALPHA_0_7_BETA_1_9_RHO_0_7_NR_ITER_60', 'size_of_population': 100, 'alpha': 0.7, 'beta': 1.9, 'rho': 0.7, 'max_iterations': 60}",nan                   ,nan                   ,nan                   ,nan                   ,8.636345099999744   ,224                                    ,1583                                        ,30032                                 ,30032                                      ,29808                                             ,29808                                                  ,[]
15              ,24             ,TSP_CITIES_SET_24_N_15.json,TIME_AND_MEMORY    ,ant_colony    ,nan      ,nan                   ,[]      ,False              ,nan                    ,nan                    ,[]         ,nan         ,ACO_POP_100_ALPHA_0_7_BETA_1_9_RHO_0_7_NR_ITER_60,"{'suffix': 'ACO_POP_100_ALPHA_0_7_BETA_1_9_RHO_0_7_NR_ITER_60', 'size_of_population': 100, 'alpha': 0.7, 'beta': 1.9, 'rho': 0.7, 'max_iterations': 60}",nan                   ,nan                   ,nan                   ,nan                   ,9.82506149999972    ,224                                    ,1583                                        ,30032                                 ,30032                                      ,29808                                             ,29808                                                  ,[]
15              ,25             ,TSP_CITIES_SET_25_N_15.json,TIME_AND_MEMORY    ,ant_colony    ,nan      ,nan                   ,[]      ,False              ,nan                    ,nan                    ,[]         ,nan         ,ACO_POP_100_ALPHA_0_7_BETA_1_9_RHO_0_7_NR_ITER_60,"{'suffix': 'ACO_POP_100_ALPHA_0_7_BETA_1_9_RHO_0_7_NR_ITER_60', 'size_of_population': 100, 'alpha': 0.7, 'beta': 1.9, 'rho': 0.7, 'max_iterations': 60}",nan                   ,nan                   ,nan                   ,nan                   ,8.93707059999997    ,224                                    ,1583                                        ,30032                                 ,30032                                      ,29808                                             ,29808                                                  ,[]
15              ,26             ,TSP_CITIES_SET_26_N_15.json,TIME_AND_MEMORY    ,ant_colony    ,nan      ,nan                   ,[]      ,False              ,nan                    ,nan                    ,[]         ,nan         ,ACO_POP_100_ALPHA_0_7_BETA_1_9_RHO_0_7_NR_ITER_60,"{'suffix': 'ACO_POP_100_ALPHA_0_7_BETA_1_9_RHO_0_7_NR_ITER_60', 'size_of_population': 100, 'alpha': 0.7, 'beta': 1.9, 'rho': 0.7, 'max_iterations': 60}",nan                   ,nan                   ,nan                   ,nan                   ,9.35974559999977    ,224                                    ,1583                                        ,30032                                 ,30032                                      ,29808                                             ,29808                                                  ,[]
15              ,27             ,TSP_CITIES_SET_27_N_15.json,TIME_AND_MEMORY    ,ant_colony    ,nan      ,nan                   ,[]      ,False              ,nan                    ,nan                    ,[]         ,nan         ,ACO_POP_100_ALPHA_0_7_BETA_1_9_RHO_0_7_NR_ITER_60,"{'suffix': 'ACO_POP_100_ALPHA_0_7_BETA_1_9_RHO_0_7_NR_ITER_60', 'size_of_population': 100, 'alpha': 0.7, 'beta': 1.9, 'rho': 0.7, 'max_iterations': 60}",nan                   ,nan                   ,nan                   ,nan                   ,9.346271000000343   ,224                                    ,1583                                        ,30032                                 ,30032                                      ,29808                                             ,29808                                                  ,[]
15              ,28             ,TSP_CITIES_SET_28_N_15.json,TIME_AND_MEMORY    ,ant_colony    ,nan      ,nan                   ,[]      ,False              ,nan                    ,nan                    ,[]         ,nan         ,ACO_POP_100_ALPHA_0_7_BETA_1_9_RHO_0_7_NR_ITER_60,"{'suffix': 'ACO_POP_100_ALPHA_0_7_BETA_1_9_RHO_0_7_NR_ITER_60', 'size_of_population': 100, 'alpha': 0.7, 'beta': 1.9, 'rho': 0.7, 'max_iterations': 60}",nan                   ,nan                   ,nan                   ,nan                   ,9.003506000000016   ,224                                    ,1583                                        ,30032                                 ,30032                                      ,29808                                             ,29808                                                  ,[]
15              ,29             ,TSP_CITIES_SET_29_N_15.json,TIME_AND_MEMORY    ,ant_colony    ,nan      ,nan                   ,[]      ,False              ,nan                    ,nan                    ,[]         ,nan         ,ACO_POP_100_ALPHA_0_7_BETA_1_9_RHO_0_7_NR_ITER_60,"{'suffix': 'ACO_POP_100_ALPHA_0_7_BETA_1_9_RHO_0_7_NR_ITER_60', 'size_of_population': 100, 'alpha': 0.7, 'beta': 1.9, 'rho': 0.7, 'max_iterations': 60}",nan                   ,nan                   ,nan                   ,nan                   ,8.762728499999866   ,224                                    ,1583                                        ,30032                                 ,30032                                      ,29808                                             ,29808                                                  ,[]
15              ,30             ,TSP_CITIES_SET_30_N_15.json,TIME_AND_MEMORY    ,ant_colony    ,nan      ,nan                   ,[]      ,False              ,nan                    ,nan                    ,[]         ,nan         ,ACO_POP_100_ALPHA_0_7_BETA_1_9_RHO_0_7_NR_ITER_60,"{'suffix': 'ACO_POP_100_ALPHA_0_7_BETA_1_9_RHO_0_7_NR_ITER_60', 'size_of_population': 100, 'alpha': 0.7, 'beta': 1.9, 'rho': 0.7, 'max_iterations': 60}",nan                   ,nan                   ,nan                   ,nan                   ,8.578839400000106   ,224                                    ,1583                                        ,30032                                 ,30032                                      ,29808                                             ,29808                                                  ,[]
15              ,31             ,TSP_CITIES_SET_31_N_15.json,TIME_AND_MEMORY    ,ant_colony    ,nan      ,nan                   ,[]      ,False              ,nan                    ,nan                    ,[]         ,nan         ,ACO_POP_100_ALPHA_0_7_BETA_1_9_RHO_0_7_NR_ITER_60,"{'suffix': 'ACO_POP_100_ALPHA_0_7_BETA_1_9_RHO_0_7_NR_ITER_60', 'size_of_population': 100, 'alpha': 0.7, 'beta': 1.9, 'rho': 0.7, 'max_iterations': 60}",nan                   ,nan                   ,nan                   ,nan                   ,8.515595200000462   ,224                                    ,1583                                        ,30032                                 ,30032                                      ,29808                                             ,29808                                                  ,[]
15              ,32             ,TSP_CITIES_SET_32_N_15.json,TIME_AND_MEMORY    ,ant_colony    ,nan      ,nan                   ,[]      ,False              ,nan                    ,nan                    ,[]         ,nan         ,ACO_POP_100_ALPHA_0_7_BETA_1_9_RHO_0_7_NR_ITER_60,"{'suffix': 'ACO_POP_100_ALPHA_0_7_BETA_1_9_RHO_0_7_NR_ITER_60', 'size_of_population': 100, 'alpha': 0.7, 'beta': 1.9, 'rho': 0.7, 'max_iterations': 60}",nan                   ,nan                   ,nan                   ,nan                   ,8.547517699999844   ,224                                    ,1583                                        ,30032                                 ,30032                                      ,29808                                             ,29808                                                  ,[]
15              ,33             ,TSP_CITIES_SET_33_N_15.json,TIME_AND_MEMORY    ,ant_colony    ,nan      ,nan                   ,[]      ,False              ,nan                    ,nan                    ,[]         ,nan         ,ACO_POP_100_ALPHA_0_7_BETA_1_9_RHO_0_7_NR_ITER_60,"{'suffix': 'ACO_POP_100_ALPHA_0_7_BETA_1_9_RHO_0_7_NR_ITER_60', 'size_of_population': 100, 'alpha': 0.7, 'beta': 1.9, 'rho': 0.7, 'max_iterations': 60}",nan                   ,nan                   ,nan                   ,nan                   ,8.657253399999718   ,224                                    ,1583                                        ,30032                                 ,30032                                      ,29808                                             ,29808                                                  ,[]
15              ,34             ,TSP_CITIES_SET_34_N_15.json,TIME_AND_MEMORY    ,ant_colony    ,nan      ,nan                   ,[]      ,False              ,nan                    ,nan                    ,[]         ,nan         ,ACO_POP_100_ALPHA_0_7_BETA_1_9_RHO_0_7_NR_ITER_60,"{'suffix': 'ACO_POP_100_ALPHA_0_7_BETA_1_9_RHO_0_7_NR_ITER_60', 'size_of_population': 100, 'alpha': 0.7, 'beta': 1.9, 'rho': 0.7, 'max_iterations': 60}",nan                   ,nan                   ,nan                   ,nan                   ,8.528553900000588   ,224                                    ,1583                                        ,30032                                 ,30032                                      ,29808                                             ,29808                                                  ,[]
15              ,35             ,TSP_CITIES_SET_35_N_15.json,TIME_AND_MEMORY    ,ant_colony    ,nan      ,nan                   ,[]      ,False              ,nan                    ,nan                    ,[]         ,nan         ,ACO_POP_100_ALPHA_0_7_BETA_1_9_RHO_0_7_NR_ITER_60,"{'suffix': 'ACO_POP_100_ALPHA_0_7_BETA_1_9_RHO_0_7_NR_ITER_60', 'size_of_population': 100, 'alpha': 0.7, 'beta': 1.9, 'rho': 0.7, 'max_iterations': 60}",nan                   ,nan                   ,nan                   ,nan                   ,8.526279899999281   ,224                                    ,1583                                        ,30032                                 ,30032                                      ,29808                                             ,29808                                                  ,[]
15              ,36             ,TSP_CITIES_SET_36_N_15.json,TIME_AND_MEMORY    ,ant_colony    ,nan      ,nan                   ,[]      ,False              ,nan                    ,nan                    ,[]         ,nan         ,ACO_POP_100_ALPHA_0_7_BETA_1_9_RHO_0_7_NR_ITER_60,"{'suffix': 'ACO_POP_100_ALPHA_0_7_BETA_1_9_RHO_0_7_NR_ITER_60', 'size_of_population': 100, 'alpha': 0.7, 'beta': 1.9, 'rho': 0.7, 'max_iterations': 60}",nan                   ,nan                   ,nan                   ,nan                   ,8.543569000000389   ,224                                    ,1583                                        ,30032                                 ,30032                                      ,29808                                             ,29808                                                  ,[]
15              ,37             ,TSP_CITIES_SET_37_N_15.json,TIME_AND_MEMORY    ,ant_colony    ,nan      ,nan                   ,[]      ,False              ,nan                    ,nan                    ,[]         ,nan         ,ACO_POP_100_ALPHA_0_7_BETA_1_9_RHO_0_7_NR_ITER_60,"{'suffix': 'ACO_POP_100_ALPHA_0_7_BETA_1_9_RHO_0_7_NR_ITER_60', 'size_of_population': 100, 'alpha': 0.7, 'beta': 1.9, 'rho': 0.7, 'max_iterations': 60}",nan                   ,nan                   ,nan                   ,nan                   ,8.59859140000026    ,224                                    ,1583                                        ,30032                                 ,30032                                      ,29808                                             ,29808                                                  ,[]
15              ,38             ,TSP_CITIES_SET_38_N_15.json,TIME_AND_MEMORY    ,ant_colony    ,nan      ,nan                   ,[]      ,False              ,nan                    ,nan                    ,[]         ,nan         ,ACO_POP_100_ALPHA_0_7_BETA_1_9_RHO_0_7_NR_ITER_60,"{'suffix': 'ACO_POP_100_ALPHA_0_7_BETA_1_9_RHO_0_7_NR_ITER_60', 'size_of_population': 100, 'alpha': 0.7, 'beta': 1.9, 'rho': 0.7, 'max_iterations': 60}",nan                   ,nan                   ,nan                   ,nan                   ,8.610845000000154   ,224                                    ,1583                                        ,30032                                 ,30032                                      ,29808                                             ,29808                                                  ,[]
15              ,39             ,TSP_CITIES_SET_39_N_15.json,TIME_AND_MEMORY    ,ant_colony    ,nan      ,nan                   ,[]      ,False              ,nan                    ,nan                    ,[]         ,nan         ,ACO_POP_100_ALPHA_0_7_BETA_1_9_RHO_0_7_NR_ITER_60,"{'suffix': 'ACO_POP_100_ALPHA_0_7_BETA_1_9_RHO_0_7_NR_ITER_60', 'size_of_population': 100, 'alpha': 0.7, 'beta': 1.9, 'rho': 0.7, 'max_iterations': 60}",nan                   ,nan                   ,nan                   ,nan                   ,8.58053480000035    ,224                                    ,1583                                        ,30032                                 ,30032                                      ,29808                                             ,29808                                                  ,[]
15              ,40             ,TSP_CITIES_SET_40_N_15.json,TIME_AND_MEMORY    ,ant_colony    ,nan      ,nan                   ,[]      ,False              ,nan                    ,nan                    ,[]         ,nan         ,ACO_POP_100_ALPHA_0_7_BETA_1_9_RHO_0_7_NR_ITER_60,"{'suffix': 'ACO_POP_100_ALPHA_0_7_BETA_1_9_RHO_0_7_NR_ITER_60', 'size_of_population': 100, 'alpha': 0.7, 'beta': 1.9, 'rho': 0.7, 'max_iterations': 60}",nan                   ,nan                   ,nan                   ,nan                   ,8.598241400000006   ,224                                    ,1583                                        ,30032                                 ,30032                                      ,29808                                             ,29808                                                  ,[]
15              ,41             ,TSP_CITIES_SET_41_N_15.json,TIME_AND_MEMORY    ,ant_colony    ,nan      ,nan                   ,[]      ,False              ,nan                    ,nan                    ,[]         ,nan         ,ACO_POP_100_ALPHA_0_7_BETA_1_9_RHO_0_7_NR_ITER_60,"{'suffix': 'ACO_POP_100_ALPHA_0_7_BETA_1_9_RHO_0_7_NR_ITER_60', 'size_of_population': 100, 'alpha': 0.7, 'beta': 1.9, 'rho': 0.7, 'max_iterations': 60}",nan                   ,nan                   ,nan                   ,nan                   ,9.045549800000117   ,224                                    ,1583                                        ,30032                                 ,30032                                      ,29808                                             ,29808                                                  ,[]
15              ,42             ,TSP_CITIES_SET_42_N_15.json,TIME_AND_MEMORY    ,ant_colony    ,nan      ,nan                   ,[]      ,False              ,nan                    ,nan                    ,[]         ,nan         ,ACO_POP_100_ALPHA_0_7_BETA_1_9_RHO_0_7_NR_ITER_60,"{'suffix': 'ACO_POP_100_ALPHA_0_7_BETA_1_9_RHO_0_7_NR_ITER_60', 'size_of_population': 100, 'alpha': 0.7, 'beta': 1.9, 'rho': 0.7, 'max_iterations': 60}",nan                   ,nan                   ,nan                   ,nan                   ,9.41943750000064    ,224                                    ,1583                                        ,30032                                 ,30032                                      ,29808                                             ,29808                                                  ,[]
15              ,43             ,TSP_CITIES_SET_43_N_15.json,TIME_AND_MEMORY    ,ant_colony    ,nan      ,nan                   ,[]      ,False              ,nan                    ,nan                    ,[]         ,nan         ,ACO_POP_100_ALPHA_0_7_BETA_1_9_RHO_0_7_NR_ITER_60,"{'suffix': 'ACO_POP_100_ALPHA_0_7_BETA_1_9_RHO_0_7_NR_ITER_60', 'size_of_population': 100, 'alpha': 0.7, 'beta': 1.9, 'rho': 0.7, 'max_iterations': 60}",nan                   ,nan                   ,nan                   ,nan                   ,9.36445669999921    ,224                                    ,1583                                        ,30032                                 ,30032                                      ,29808                                             ,29808                                                  ,[]
15              ,44             ,TSP_CITIES_SET_44_N_15.json,TIME_AND_MEMORY    ,ant_colony    ,nan      ,nan                   ,[]      ,False              ,nan                    ,nan                    ,[]         ,nan         ,ACO_POP_100_ALPHA_0_7_BETA_1_9_RHO_0_7_NR_ITER_60,"{'suffix': 'ACO_POP_100_ALPHA_0_7_BETA_1_9_RHO_0_7_NR_ITER_60', 'size_of_population': 100, 'alpha': 0.7, 'beta': 1.9, 'rho': 0.7, 'max_iterations': 60}",nan                   ,nan                   ,nan                   ,nan                   ,9.104332099999738   ,224                                    ,1583                                        ,30032                                 ,30032                                      ,29808                                             ,29808                                                  ,[]
15              ,45             ,TSP_CITIES_SET_45_N_15.json,TIME_AND_MEMORY    ,ant_colony    ,nan      ,nan                   ,[]      ,False              ,nan                    ,nan                    ,[]         ,nan         ,ACO_POP_100_ALPHA_0_7_BETA_1_9_RHO_0_7_NR_ITER_60,"{'suffix': 'ACO_POP_100_ALPHA_0_7_BETA_1_9_RHO_0_7_NR_ITER_60', 'size_of_population': 100, 'alpha': 0.7, 'beta': 1.9, 'rho': 0.7, 'max_iterations': 60}",nan                   ,nan                   ,nan                   ,nan                   ,8.599749500001053   ,224                                    ,1583                                        ,30032                                 ,30032                                      ,29808                                             ,29808                                                  ,[]
15              ,46             ,TSP_CITIES_SET_46_N_15.json,TIME_AND_MEMORY    ,ant_colony    ,nan      ,nan                   ,[]      ,False              ,nan                    ,nan                    ,[]         ,nan         ,ACO_POP_100_ALPHA_0_7_BETA_1_9_RHO_0_7_NR_ITER_60,"{'suffix': 'ACO_POP_100_ALPHA_0_7_BETA_1_9_RHO_0_7_NR_ITER_60', 'size_of_population': 100, 'alpha': 0.7, 'beta': 1.9, 'rho': 0.7, 'max_iterations': 60}",nan                   ,nan                   ,nan                   ,nan                   ,8.516740799999752   ,224                                    ,1583                                        ,30032                                 ,30032                                      ,29808                                             ,29808                                                  ,[]
15              ,47             ,TSP_CITIES_SET_47_N_15.json,TIME_AND_MEMORY    ,ant_colony    ,nan      ,nan                   ,[]      ,False              ,nan                    ,nan                    ,[]         ,nan         ,ACO_POP_100_ALPHA_0_7_BETA_1_9_RHO_0_7_NR_ITER_60,"{'suffix': 'ACO_POP_100_ALPHA_0_7_BETA_1_9_RHO_0_7_NR_ITER_60', 'size_of_population': 100, 'alpha': 0.7, 'beta': 1.9, 'rho': 0.7, 'max_iterations': 60}",nan                   ,nan                   ,nan                   ,nan                   ,8.527207699999053   ,224                                    ,1583                                        ,30032                                 ,30032                                      ,29808                                             ,29808                                                  ,[]
15              ,48             ,TSP_CITIES_SET_48_N_15.json,TIME_AND_MEMORY    ,ant_colony    ,nan      ,nan                   ,[]      ,False              ,nan                    ,nan                    ,[]         ,nan         ,ACO_POP_100_ALPHA_0_7_BETA_1_9_RHO_0_7_NR_ITER_60,"{'suffix': 'ACO_POP_100_ALPHA_0_7_BETA_1_9_RHO_0_7_NR_ITER_60', 'size_of_population': 100, 'alpha': 0.7, 'beta': 1.9, 'rho': 0.7, 'max_iterations': 60}",nan                   ,nan                   ,nan                   ,nan                   ,8.607167300000583   ,224                                    ,1583                                        ,30032                                 ,30032                                      ,29808                                             ,29808                                                  ,[]
15              ,49             ,TSP_CITIES_SET_49_N_15.json,TIME_AND_MEMORY    ,ant_colony    ,nan      ,nan                   ,[]      ,False              ,nan                    ,nan                    ,[]         ,nan         ,ACO_POP_100_ALPHA_0_7_BETA_1_9_RHO_0_7_NR_ITER_60,"{'suffix': 'ACO_POP_100_ALPHA_0_7_BETA_1_9_RHO_0_7_NR_ITER_60', 'size_of_population': 100, 'alpha': 0.7, 'beta': 1.9, 'rho': 0.7, 'max_iterations': 60}",nan                   ,nan                   ,nan                   ,nan                   ,8.613301500001398   ,224                                    ,1583                                        ,30032                                 ,30032                                      ,29808                                             ,29808                                                  ,[]
15              ,50             ,TSP_CITIES_SET_50_N_15.json,TIME_AND_MEMORY    ,ant_colony    ,nan      ,nan                   ,[]      ,False              ,nan                    ,nan                    ,[]         ,nan         ,ACO_POP_100_ALPHA_0_7_BETA_1_9_RHO_0_7_NR_ITER_60,"{'suffix': 'ACO_POP_100_ALPHA_0_7_BETA_1_9_RHO_0_7_NR_ITER_60', 'size_of_population': 100, 'alpha': 0.7, 'beta': 1.9, 'rho': 0.7, 'max_iterations': 60}",nan                   ,nan                   ,nan                   ,nan                   ,8.590728500001205   ,224                                    ,1583                                        ,30032                                 ,30032                                      ,29808                                             ,29808                                                  ,[]
15              ,51             ,TSP_CITIES_SET_51_N_15.json,TIME_AND_MEMORY    ,ant_colony    ,nan      ,nan                   ,[]      ,False              ,nan                    ,nan                    ,[]         ,nan         ,ACO_POP_100_ALPHA_0_7_BETA_1_9_RHO_0_7_NR_ITER_60,"{'suffix': 'ACO_POP_100_ALPHA_0_7_BETA_1_9_RHO_0_7_NR_ITER_60', 'size_of_population': 100, 'alpha': 0.7, 'beta': 1.9, 'rho': 0.7, 'max_iterations': 60}",nan                   ,nan                   ,nan                   ,nan                   ,8.534413800000038   ,224                                    ,1583                                        ,30032                                 ,30032                                      ,29808                                             ,29808                                                  ,[]
15              ,52             ,TSP_CITIES_SET_52_N_15.json,TIME_AND_MEMORY    ,ant_colony    ,nan      ,nan                   ,[]      ,False              ,nan                    ,nan                    ,[]         ,nan         ,ACO_POP_100_ALPHA_0_7_BETA_1_9_RHO_0_7_NR_ITER_60,"{'suffix': 'ACO_POP_100_ALPHA_0_7_BETA_1_9_RHO_0_7_NR_ITER_60', 'size_of_population': 100, 'alpha': 0.7, 'beta': 1.9, 'rho': 0.7, 'max_iterations': 60}",nan                   ,nan                   ,nan                   ,nan                   ,8.626953400000275   ,224                                    ,1583                                        ,30032                                 ,30032                                      ,29808                                             ,29808                                                  ,[]
15              ,53             ,TSP_CITIES_SET_53_N_15.json,TIME_AND_MEMORY    ,ant_colony    ,nan      ,nan                   ,[]      ,False              ,nan                    ,nan                    ,[]         ,nan         ,ACO_POP_100_ALPHA_0_7_BETA_1_9_RHO_0_7_NR_ITER_60,"{'suffix': 'ACO_POP_100_ALPHA_0_7_BETA_1_9_RHO_0_7_NR_ITER_60', 'size_of_population': 100, 'alpha': 0.7, 'beta': 1.9, 'rho': 0.7, 'max_iterations': 60}",nan                   ,nan                   ,nan                   ,nan                   ,8.590348300000187   ,224                                    ,1583                                        ,30032                                 ,30032                                      ,29808                                             ,29808                                                  ,[]
15              ,54             ,TSP_CITIES_SET_54_N_15.json,TIME_AND_MEMORY    ,ant_colony    ,nan      ,nan                   ,[]      ,False              ,nan                    ,nan                    ,[]         ,nan         ,ACO_POP_100_ALPHA_0_7_BETA_1_9_RHO_0_7_NR_ITER_60,"{'suffix': 'ACO_POP_100_ALPHA_0_7_BETA_1_9_RHO_0_7_NR_ITER_60', 'size_of_population': 100, 'alpha': 0.7, 'beta': 1.9, 'rho': 0.7, 'max_iterations': 60}",nan                   ,nan                   ,nan                   ,nan                   ,8.550555600000735   ,224                                    ,1583                                        ,30032                                 ,30032                                      ,29808                                             ,29808                                                  ,[]
15              ,55             ,TSP_CITIES_SET_55_N_15.json,TIME_AND_MEMORY    ,ant_colony    ,nan      ,nan                   ,[]      ,False              ,nan                    ,nan                    ,[]         ,nan         ,ACO_POP_100_ALPHA_0_7_BETA_1_9_RHO_0_7_NR_ITER_60,"{'suffix': 'ACO_POP_100_ALPHA_0_7_BETA_1_9_RHO_0_7_NR_ITER_60', 'size_of_population': 100, 'alpha': 0.7, 'beta': 1.9, 'rho': 0.7, 'max_iterations': 60}",nan                   ,nan                   ,nan                   ,nan                   ,8.630192900000111   ,224                                    ,1583                                        ,30032                                 ,30032                                      ,29808                                             ,29808                                                  ,[]
15              ,56             ,TSP_CITIES_SET_56_N_15.json,TIME_AND_MEMORY    ,ant_colony    ,nan      ,nan                   ,[]      ,False              ,nan                    ,nan                    ,[]         ,nan         ,ACO_POP_100_ALPHA_0_7_BETA_1_9_RHO_0_7_NR_ITER_60,"{'suffix': 'ACO_POP_100_ALPHA_0_7_BETA_1_9_RHO_0_7_NR_ITER_60', 'size_of_population': 100, 'alpha': 0.7, 'beta': 1.9, 'rho': 0.7, 'max_iterations': 60}",nan                   ,nan                   ,nan                   ,nan                   ,8.620967299999393   ,224                                    ,1583                                        ,30032                                 ,30032                                      ,29808                                             ,29808                                                  ,[]
15              ,57             ,TSP_CITIES_SET_57_N_15.json,TIME_AND_MEMORY    ,ant_colony    ,nan      ,nan                   ,[]      ,False              ,nan                    ,nan                    ,[]         ,nan         ,ACO_POP_100_ALPHA_0_7_BETA_1_9_RHO_0_7_NR_ITER_60,"{'suffix': 'ACO_POP_100_ALPHA_0_7_BETA_1_9_RHO_0_7_NR_ITER_60', 'size_of_population': 100, 'alpha': 0.7, 'beta': 1.9, 'rho': 0.7, 'max_iterations': 60}",nan                   ,nan                   ,nan                   ,nan                   ,8.900197400000252   ,224                                    ,1583                                        ,30032                                 ,30032                                      ,29808                                             ,29808                                                  ,[]
15              ,58             ,TSP_CITIES_SET_58_N_15.json,TIME_AND_MEMORY    ,ant_colony    ,nan      ,nan                   ,[]      ,False              ,nan                    ,nan                    ,[]         ,nan         ,ACO_POP_100_ALPHA_0_7_BETA_1_9_RHO_0_7_NR_ITER_60,"{'suffix': 'ACO_POP_100_ALPHA_0_7_BETA_1_9_RHO_0_7_NR_ITER_60', 'size_of_population': 100, 'alpha': 0.7, 'beta': 1.9, 'rho': 0.7, 'max_iterations': 60}",nan                   ,nan                   ,nan                   ,nan                   ,9.239418999999543   ,224                                    ,1583                                        ,30032                                 ,30032                                      ,29808                                             ,29808                                                  ,[]
15              ,59             ,TSP_CITIES_SET_59_N_15.json,TIME_AND_MEMORY    ,ant_colony    ,nan      ,nan                   ,[]      ,False              ,nan                    ,nan                    ,[]         ,nan         ,ACO_POP_100_ALPHA_0_7_BETA_1_9_RHO_0_7_NR_ITER_60,"{'suffix': 'ACO_POP_100_ALPHA_0_7_BETA_1_9_RHO_0_7_NR_ITER_60', 'size_of_population': 100, 'alpha': 0.7, 'beta': 1.9, 'rho': 0.7, 'max_iterations': 60}",nan                   ,nan                   ,nan                   ,nan                   ,9.36324439999953    ,224                                    ,1583                                        ,30032                                 ,30032                                      ,29808                                             ,29808                                                  ,[]
15              ,60             ,TSP_CITIES_SET_60_N_15.json,TIME_AND_MEMORY    ,ant_colony    ,nan      ,nan                   ,[]      ,False              ,nan                    ,nan                    ,[]         ,nan         ,ACO_POP_100_ALPHA_0_7_BETA_1_9_RHO_0_7_NR_ITER_60,"{'suffix': 'ACO_POP_100_ALPHA_0_7_BETA_1_9_RHO_0_7_NR_ITER_60', 'size_of_population': 100, 'alpha': 0.7, 'beta': 1.9, 'rho': 0.7, 'max_iterations': 60}",nan                   ,nan                   ,nan                   ,nan                   ,9.064794699999766   ,224                                    ,1583                                        ,30032                                 ,30032                                      ,29808                                             ,29808                                                  ,[]
15              ,61             ,TSP_CITIES_SET_61_N_15.json,TIME_AND_MEMORY    ,ant_colony    ,nan      ,nan                   ,[]      ,False              ,nan                    ,nan                    ,[]         ,nan         ,ACO_POP_100_ALPHA_0_7_BETA_1_9_RHO_0_7_NR_ITER_60,"{'suffix': 'ACO_POP_100_ALPHA_0_7_BETA_1_9_RHO_0_7_NR_ITER_60', 'size_of_population': 100, 'alpha': 0.7, 'beta': 1.9, 'rho': 0.7, 'max_iterations': 60}",nan                   ,nan                   ,nan                   ,nan                   ,8.748692799999844   ,224                                    ,1583                                        ,30032                                 ,30032                                      ,29808                                             ,29808                                                  ,[]
15              ,62             ,TSP_CITIES_SET_62_N_15.json,TIME_AND_MEMORY    ,ant_colony    ,nan      ,nan                   ,[]      ,False              ,nan                    ,nan                    ,[]         ,nan         ,ACO_POP_100_ALPHA_0_7_BETA_1_9_RHO_0_7_NR_ITER_60,"{'suffix': 'ACO_POP_100_ALPHA_0_7_BETA_1_9_RHO_0_7_NR_ITER_60', 'size_of_population': 100, 'alpha': 0.7, 'beta': 1.9, 'rho': 0.7, 'max_iterations': 60}",nan                   ,nan                   ,nan                   ,nan                   ,8.547335100000055   ,224                                    ,1583                                        ,30032                                 ,30032                                      ,29808                                             ,29808                                                  ,[]
15              ,63             ,TSP_CITIES_SET_63_N_15.json,TIME_AND_MEMORY    ,ant_colony    ,nan      ,nan                   ,[]      ,False              ,nan                    ,nan                    ,[]         ,nan         ,ACO_POP_100_ALPHA_0_7_BETA_1_9_RHO_0_7_NR_ITER_60,"{'suffix': 'ACO_POP_100_ALPHA_0_7_BETA_1_9_RHO_0_7_NR_ITER_60', 'size_of_population': 100, 'alpha': 0.7, 'beta': 1.9, 'rho': 0.7, 'max_iterations': 60}",nan                   ,nan                   ,nan                   ,nan                   ,8.541964499998357   ,224                                    ,1583                                        ,30032                                 ,30032                                      ,29808                                             ,29808                                                  ,[]
15              ,64             ,TSP_CITIES_SET_64_N_15.json,TIME_AND_MEMORY    ,ant_colony    ,nan      ,nan                   ,[]      ,False              ,nan                    ,nan                    ,[]         ,nan         ,ACO_POP_100_ALPHA_0_7_BETA_1_9_RHO_0_7_NR_ITER_60,"{'suffix': 'ACO_POP_100_ALPHA_0_7_BETA_1_9_RHO_0_7_NR_ITER_60', 'size_of_population': 100, 'alpha': 0.7, 'beta': 1.9, 'rho': 0.7, 'max_iterations': 60}",nan                   ,nan                   ,nan                   ,nan                   ,8.541131299998597   ,224                                    ,1583                                        ,30032                                 ,30032                                      ,29808                                             ,29808                                                  ,[]
15              ,65             ,TSP_CITIES_SET_65_N_15.json,TIME_AND_MEMORY    ,ant_colony    ,nan      ,nan                   ,[]      ,False              ,nan                    ,nan                    ,[]         ,nan         ,ACO_POP_100_ALPHA_0_7_BETA_1_9_RHO_0_7_NR_ITER_60,"{'suffix': 'ACO_POP_100_ALPHA_0_7_BETA_1_9_RHO_0_7_NR_ITER_60', 'size_of_population': 100, 'alpha': 0.7, 'beta': 1.9, 'rho': 0.7, 'max_iterations': 60}",nan                   ,nan                   ,nan                   ,nan                   ,8.540862399999241   ,224                                    ,1583                                        ,30032                                 ,30032                                      ,29808                                             ,29808                                                  ,[]
15              ,66             ,TSP_CITIES_SET_66_N_15.json,TIME_AND_MEMORY    ,ant_colony    ,nan      ,nan                   ,[]      ,False              ,nan                    ,nan                    ,[]         ,nan         ,ACO_POP_100_ALPHA_0_7_BETA_1_9_RHO_0_7_NR_ITER_60,"{'suffix': 'ACO_POP_100_ALPHA_0_7_BETA_1_9_RHO_0_7_NR_ITER_60', 'size_of_population': 100, 'alpha': 0.7, 'beta': 1.9, 'rho': 0.7, 'max_iterations': 60}",nan                   ,nan                   ,nan                   ,nan                   ,8.495362199999363   ,224                                    ,1583                                        ,30032                                 ,30032                                      ,29808                                             ,29808                                                  ,[]
15              ,67             ,TSP_CITIES_SET_67_N_15.json,TIME_AND_MEMORY    ,ant_colony    ,nan      ,nan                   ,[]      ,False              ,nan                    ,nan                    ,[]         ,nan         ,ACO_POP_100_ALPHA_0_7_BETA_1_9_RHO_0_7_NR_ITER_60,"{'suffix': 'ACO_POP_100_ALPHA_0_7_BETA_1_9_RHO_0_7_NR_ITER_60', 'size_of_population': 100, 'alpha': 0.7, 'beta': 1.9, 'rho': 0.7, 'max_iterations': 60}",nan                   ,nan                   ,nan                   ,nan                   ,8.55605789999936    ,224                                    ,1583                                        ,30032                                 ,30032                                      ,29808                                             ,29808                                                  ,[]
15              ,68             ,TSP_CITIES_SET_68_N_15.json,TIME_AND_MEMORY    ,ant_colony    ,nan      ,nan                   ,[]      ,False              ,nan                    ,nan                    ,[]         ,nan         ,ACO_POP_100_ALPHA_0_7_BETA_1_9_RHO_0_7_NR_ITER_60,"{'suffix': 'ACO_POP_100_ALPHA_0_7_BETA_1_9_RHO_0_7_NR_ITER_60', 'size_of_population': 100, 'alpha': 0.7, 'beta': 1.9, 'rho': 0.7, 'max_iterations': 60}",nan                   ,nan                   ,nan                   ,nan                   ,8.523960100001204   ,224                                    ,1583                                        ,30032                                 ,30032                                      ,29808                                             ,29808                                                  ,[]
15              ,69             ,TSP_CITIES_SET_69_N_15.json,TIME_AND_MEMORY    ,ant_colony    ,nan      ,nan                   ,[]      ,False              ,nan                    ,nan                    ,[]         ,nan         ,ACO_POP_100_ALPHA_0_7_BETA_1_9_RHO_0_7_NR_ITER_60,"{'suffix': 'ACO_POP_100_ALPHA_0_7_BETA_1_9_RHO_0_7_NR_ITER_60', 'size_of_population': 100, 'alpha': 0.7, 'beta': 1.9, 'rho': 0.7, 'max_iterations': 60}",nan                   ,nan                   ,nan                   ,nan                   ,8.525855299998511   ,224                                    ,1583                                        ,30032                                 ,30032                                      ,29808                                             ,29808                                                  ,[]
15              ,70             ,TSP_CITIES_SET_70_N_15.json,TIME_AND_MEMORY    ,ant_colony    ,nan      ,nan                   ,[]      ,False              ,nan                    ,nan                    ,[]         ,nan         ,ACO_POP_100_ALPHA_0_7_BETA_1_9_RHO_0_7_NR_ITER_60,"{'suffix': 'ACO_POP_100_ALPHA_0_7_BETA_1_9_RHO_0_7_NR_ITER_60', 'size_of_population': 100, 'alpha': 0.7, 'beta': 1.9, 'rho': 0.7, 'max_iterations': 60}",nan                   ,nan                   ,nan                   ,nan                   ,8.54373680000026    ,224                                    ,1583                                        ,30032                                 ,30032                                      ,29808                                             ,29808                                                  ,[]
15              ,71             ,TSP_CITIES_SET_71_N_15.json,TIME_AND_MEMORY    ,ant_colony    ,nan      ,nan                   ,[]      ,False              ,nan                    ,nan                    ,[]         ,nan         ,ACO_POP_100_ALPHA_0_7_BETA_1_9_RHO_0_7_NR_ITER_60,"{'suffix': 'ACO_POP_100_ALPHA_0_7_BETA_1_9_RHO_0_7_NR_ITER_60', 'size_of_population': 100, 'alpha': 0.7, 'beta': 1.9, 'rho': 0.7, 'max_iterations': 60}",nan                   ,nan                   ,nan                   ,nan                   ,8.544090800000049   ,224                                    ,1583                                        ,30032                                 ,30032                                      ,29808                                             ,29808                                                  ,[]
15              ,72             ,TSP_CITIES_SET_72_N_15.json,TIME_AND_MEMORY    ,ant_colony    ,nan      ,nan                   ,[]      ,False              ,nan                    ,nan                    ,[]         ,nan         ,ACO_POP_100_ALPHA_0_7_BETA_1_9_RHO_0_7_NR_ITER_60,"{'suffix': 'ACO_POP_100_ALPHA_0_7_BETA_1_9_RHO_0_7_NR_ITER_60', 'size_of_population': 100, 'alpha': 0.7, 'beta': 1.9, 'rho': 0.7, 'max_iterations': 60}",nan                   ,nan                   ,nan                   ,nan                   ,8.55259549999937    ,224                                    ,1583                                        ,30032                                 ,30032                                      ,29808                                             ,29808                                                  ,[]
15              ,73             ,TSP_CITIES_SET_73_N_15.json,TIME_AND_MEMORY    ,ant_colony    ,nan      ,nan                   ,[]      ,False              ,nan                    ,nan                    ,[]         ,nan         ,ACO_POP_100_ALPHA_0_7_BETA_1_9_RHO_0_7_NR_ITER_60,"{'suffix': 'ACO_POP_100_ALPHA_0_7_BETA_1_9_RHO_0_7_NR_ITER_60', 'size_of_population': 100, 'alpha': 0.7, 'beta': 1.9, 'rho': 0.7, 'max_iterations': 60}",nan                   ,nan                   ,nan                   ,nan                   ,9.434097600000314   ,224                                    ,1583                                        ,30032                                 ,30032                                      ,29808                                             ,29808                                                  ,[]
15              ,74             ,TSP_CITIES_SET_74_N_15.json,TIME_AND_MEMORY    ,ant_colony    ,nan      ,nan                   ,[]      ,False              ,nan                    ,nan                    ,[]         ,nan         ,ACO_POP_100_ALPHA_0_7_BETA_1_9_RHO_0_7_NR_ITER_60,"{'suffix': 'ACO_POP_100_ALPHA_0_7_BETA_1_9_RHO_0_7_NR_ITER_60', 'size_of_population': 100, 'alpha': 0.7, 'beta': 1.9, 'rho': 0.7, 'max_iterations': 60}",nan                   ,nan                   ,nan                   ,nan                   ,8.975011200000154   ,224                                    ,1583                                        ,30032                                 ,30032                                      ,29808                                             ,29808                                                  ,[]
15              ,75             ,TSP_CITIES_SET_75_N_15.json,TIME_AND_MEMORY    ,ant_colony    ,nan      ,nan                   ,[]      ,False              ,nan                    ,nan                    ,[]         ,nan         ,ACO_POP_100_ALPHA_0_7_BETA_1_9_RHO_0_7_NR_ITER_60,"{'suffix': 'ACO_POP_100_ALPHA_0_7_BETA_1_9_RHO_0_7_NR_ITER_60', 'size_of_population': 100, 'alpha': 0.7, 'beta': 1.9, 'rho': 0.7, 'max_iterations': 60}",nan                   ,nan                   ,nan                   ,nan                   ,9.058942399999069   ,224                                    ,1583                                        ,30032                                 ,30032                                      ,29808                                             ,29808                                                  ,[]
15              ,76             ,TSP_CITIES_SET_76_N_15.json,TIME_AND_MEMORY    ,ant_colony    ,nan      ,nan                   ,[]      ,False              ,nan                    ,nan                    ,[]         ,nan         ,ACO_POP_100_ALPHA_0_7_BETA_1_9_RHO_0_7_NR_ITER_60,"{'suffix': 'ACO_POP_100_ALPHA_0_7_BETA_1_9_RHO_0_7_NR_ITER_60', 'size_of_population': 100, 'alpha': 0.7, 'beta': 1.9, 'rho': 0.7, 'max_iterations': 60}",nan                   ,nan                   ,nan                   ,nan                   ,9.355836599999748   ,224                                    ,1583                                        ,30032                                 ,30032                                      ,29808                                             ,29808                                                  ,[]
15              ,77             ,TSP_CITIES_SET_77_N_15.json,TIME_AND_MEMORY    ,ant_colony    ,nan      ,nan                   ,[]      ,False              ,nan                    ,nan                    ,[]         ,nan         ,ACO_POP_100_ALPHA_0_7_BETA_1_9_RHO_0_7_NR_ITER_60,"{'suffix': 'ACO_POP_100_ALPHA_0_7_BETA_1_9_RHO_0_7_NR_ITER_60', 'size_of_population': 100, 'alpha': 0.7, 'beta': 1.9, 'rho': 0.7, 'max_iterations': 60}",nan                   ,nan                   ,nan                   ,nan                   ,9.073544900000343   ,224                                    ,1583                                        ,30032                                 ,30032                                      ,29808                                             ,29808                                                  ,[]
15              ,78             ,TSP_CITIES_SET_78_N_15.json,TIME_AND_MEMORY    ,ant_colony    ,nan      ,nan                   ,[]      ,False              ,nan                    ,nan                    ,[]         ,nan         ,ACO_POP_100_ALPHA_0_7_BETA_1_9_RHO_0_7_NR_ITER_60,"{'suffix': 'ACO_POP_100_ALPHA_0_7_BETA_1_9_RHO_0_7_NR_ITER_60', 'size_of_population': 100, 'alpha': 0.7, 'beta': 1.9, 'rho': 0.7, 'max_iterations': 60}",nan                   ,nan                   ,nan                   ,nan                   ,8.819791500000065   ,224                                    ,1583                                        ,30032                                 ,30032                                      ,29808                                             ,29808                                                  ,[]
15              ,79             ,TSP_CITIES_SET_79_N_15.json,TIME_AND_MEMORY    ,ant_colony    ,nan      ,nan                   ,[]      ,False              ,nan                    ,nan                    ,[]         ,nan         ,ACO_POP_100_ALPHA_0_7_BETA_1_9_RHO_0_7_NR_ITER_60,"{'suffix': 'ACO_POP_100_ALPHA_0_7_BETA_1_9_RHO_0_7_NR_ITER_60', 'size_of_population': 100, 'alpha': 0.7, 'beta': 1.9, 'rho': 0.7, 'max_iterations': 60}",nan                   ,nan                   ,nan                   ,nan                   ,8.659261799999513   ,224                                    ,1583                                        ,30032                                 ,30032                                      ,29808                                             ,29808                                                  ,[]
15              ,80             ,TSP_CITIES_SET_80_N_15.json,TIME_AND_MEMORY    ,ant_colony    ,nan      ,nan                   ,[]      ,False              ,nan                    ,nan                    ,[]         ,nan         ,ACO_POP_100_ALPHA_0_7_BETA_1_9_RHO_0_7_NR_ITER_60,"{'suffix': 'ACO_POP_100_ALPHA_0_7_BETA_1_9_RHO_0_7_NR_ITER_60', 'size_of_population': 100, 'alpha': 0.7, 'beta': 1.9, 'rho': 0.7, 'max_iterations': 60}",nan                   ,nan                   ,nan                   ,nan                   ,8.60201699999925    ,224                                    ,1583                                        ,30032                                 ,30032                                      ,29808                                             ,29808                                                  ,[]
15              ,81             ,TSP_CITIES_SET_81_N_15.json,TIME_AND_MEMORY    ,ant_colony    ,nan      ,nan                   ,[]      ,False              ,nan                    ,nan                    ,[]         ,nan         ,ACO_POP_100_ALPHA_0_7_BETA_1_9_RHO_0_7_NR_ITER_60,"{'suffix': 'ACO_POP_100_ALPHA_0_7_BETA_1_9_RHO_0_7_NR_ITER_60', 'size_of_population': 100, 'alpha': 0.7, 'beta': 1.9, 'rho': 0.7, 'max_iterations': 60}",nan                   ,nan                   ,nan                   ,nan                   ,8.508854700001393   ,224                                    ,1583                                        ,30032                                 ,30032                                      ,29808                                             ,29808                                                  ,[]
15              ,82             ,TSP_CITIES_SET_82_N_15.json,TIME_AND_MEMORY    ,ant_colony    ,nan      ,nan                   ,[]      ,False              ,nan                    ,nan                    ,[]         ,nan         ,ACO_POP_100_ALPHA_0_7_BETA_1_9_RHO_0_7_NR_ITER_60,"{'suffix': 'ACO_POP_100_ALPHA_0_7_BETA_1_9_RHO_0_7_NR_ITER_60', 'size_of_population': 100, 'alpha': 0.7, 'beta': 1.9, 'rho': 0.7, 'max_iterations': 60}",nan                   ,nan                   ,nan                   ,nan                   ,8.613467600000149   ,224                                    ,1583                                        ,30032                                 ,30032                                      ,29808                                             ,29808                                                  ,[]
15              ,83             ,TSP_CITIES_SET_83_N_15.json,TIME_AND_MEMORY    ,ant_colony    ,nan      ,nan                   ,[]      ,False              ,nan                    ,nan                    ,[]         ,nan         ,ACO_POP_100_ALPHA_0_7_BETA_1_9_RHO_0_7_NR_ITER_60,"{'suffix': 'ACO_POP_100_ALPHA_0_7_BETA_1_9_RHO_0_7_NR_ITER_60', 'size_of_population': 100, 'alpha': 0.7, 'beta': 1.9, 'rho': 0.7, 'max_iterations': 60}",nan                   ,nan                   ,nan                   ,nan                   ,8.556885500000135   ,224                                    ,1583                                        ,30032                                 ,30032                                      ,29808                                             ,29808                                                  ,[]
15              ,84             ,TSP_CITIES_SET_84_N_15.json,TIME_AND_MEMORY    ,ant_colony    ,nan      ,nan                   ,[]      ,False              ,nan                    ,nan                    ,[]         ,nan         ,ACO_POP_100_ALPHA_0_7_BETA_1_9_RHO_0_7_NR_ITER_60,"{'suffix': 'ACO_POP_100_ALPHA_0_7_BETA_1_9_RHO_0_7_NR_ITER_60', 'size_of_population': 100, 'alpha': 0.7, 'beta': 1.9, 'rho': 0.7, 'max_iterations': 60}",nan                   ,nan                   ,nan                   ,nan                   ,8.520106400001168   ,224                                    ,1583                                        ,30032                                 ,30032                                      ,29808                                             ,29808                                                  ,[]
15              ,85             ,TSP_CITIES_SET_85_N_15.json,TIME_AND_MEMORY    ,ant_colony    ,nan      ,nan                   ,[]      ,False              ,nan                    ,nan                    ,[]         ,nan         ,ACO_POP_100_ALPHA_0_7_BETA_1_9_RHO_0_7_NR_ITER_60,"{'suffix': 'ACO_POP_100_ALPHA_0_7_BETA_1_9_RHO_0_7_NR_ITER_60', 'size_of_population': 100, 'alpha': 0.7, 'beta': 1.9, 'rho': 0.7, 'max_iterations': 60}",nan                   ,nan                   ,nan                   ,nan                   ,8.565377400000216   ,224                                    ,1583                                        ,30032                                 ,30032                                      ,29808                                             ,29808                                                  ,[]
15              ,86             ,TSP_CITIES_SET_86_N_15.json,TIME_AND_MEMORY    ,ant_colony    ,nan      ,nan                   ,[]      ,False              ,nan                    ,nan                    ,[]         ,nan         ,ACO_POP_100_ALPHA_0_7_BETA_1_9_RHO_0_7_NR_ITER_60,"{'suffix': 'ACO_POP_100_ALPHA_0_7_BETA_1_9_RHO_0_7_NR_ITER_60', 'size_of_population': 100, 'alpha': 0.7, 'beta': 1.9, 'rho': 0.7, 'max_iterations': 60}",nan                   ,nan                   ,nan                   ,nan                   ,8.537430999998833   ,224                                    ,1583                                        ,30032                                 ,30032                                      ,29808                                             ,29808                                                  ,[]
15              ,87             ,TSP_CITIES_SET_87_N_15.json,TIME_AND_MEMORY    ,ant_colony    ,nan      ,nan                   ,[]      ,False              ,nan                    ,nan                    ,[]         ,nan         ,ACO_POP_100_ALPHA_0_7_BETA_1_9_RHO_0_7_NR_ITER_60,"{'suffix': 'ACO_POP_100_ALPHA_0_7_BETA_1_9_RHO_0_7_NR_ITER_60', 'size_of_population': 100, 'alpha': 0.7, 'beta': 1.9, 'rho': 0.7, 'max_iterations': 60}",nan                   ,nan                   ,nan                   ,nan                   ,8.54644030000054    ,224                                    ,1583                                        ,30032                                 ,30032                                      ,29808                                             ,29808                                                  ,[]
15              ,88             ,TSP_CITIES_SET_88_N_15.json,TIME_AND_MEMORY    ,ant_colony    ,nan      ,nan                   ,[]      ,False              ,nan                    ,nan                    ,[]         ,nan         ,ACO_POP_100_ALPHA_0_7_BETA_1_9_RHO_0_7_NR_ITER_60,"{'suffix': 'ACO_POP_100_ALPHA_0_7_BETA_1_9_RHO_0_7_NR_ITER_60', 'size_of_population': 100, 'alpha': 0.7, 'beta': 1.9, 'rho': 0.7, 'max_iterations': 60}",nan                   ,nan                   ,nan                   ,nan                   ,8.535807199999908   ,224                                    ,1583                                        ,30032                                 ,30032                                      ,29808                                             ,29808                                                  ,[]
15              ,89             ,TSP_CITIES_SET_89_N_15.json,TIME_AND_MEMORY    ,ant_colony    ,nan      ,nan                   ,[]      ,False              ,nan                    ,nan                    ,[]         ,nan         ,ACO_POP_100_ALPHA_0_7_BETA_1_9_RHO_0_7_NR_ITER_60,"{'suffix': 'ACO_POP_100_ALPHA_0_7_BETA_1_9_RHO_0_7_NR_ITER_60', 'size_of_population': 100, 'alpha': 0.7, 'beta': 1.9, 'rho': 0.7, 'max_iterations': 60}",nan                   ,nan                   ,nan                   ,nan                   ,8.573671199999808   ,224                                    ,1583                                        ,30032                                 ,30032                                      ,29808                                             ,29808                                                  ,[]
15              ,90             ,TSP_CITIES_SET_90_N_15.json,TIME_AND_MEMORY    ,ant_colony    ,nan      ,nan                   ,[]      ,False              ,nan                    ,nan                    ,[]         ,nan         ,ACO_POP_100_ALPHA_0_7_BETA_1_9_RHO_0_7_NR_ITER_60,"{'suffix': 'ACO_POP_100_ALPHA_0_7_BETA_1_9_RHO_0_7_NR_ITER_60', 'size_of_population': 100, 'alpha': 0.7, 'beta': 1.9, 'rho': 0.7, 'max_iterations': 60}",nan                   ,nan                   ,nan                   ,nan                   ,8.865424200001144   ,224                                    ,1583                                        ,30032                                 ,30032                                      ,29808                                             ,29808                                                  ,[]
15              ,91             ,TSP_CITIES_SET_91_N_15.json,TIME_AND_MEMORY    ,ant_colony    ,nan      ,nan                   ,[]      ,False              ,nan                    ,nan                    ,[]         ,nan         ,ACO_POP_100_ALPHA_0_7_BETA_1_9_RHO_0_7_NR_ITER_60,"{'suffix': 'ACO_POP_100_ALPHA_0_7_BETA_1_9_RHO_0_7_NR_ITER_60', 'size_of_population': 100, 'alpha': 0.7, 'beta': 1.9, 'rho': 0.7, 'max_iterations': 60}",nan                   ,nan                   ,nan                   ,nan                   ,14.264205200001015  ,224                                    ,1583                                        ,30032                                 ,30032                                      ,29808                                             ,29808                                                  ,[]
15              ,92             ,TSP_CITIES_SET_92_N_15.json,TIME_AND_MEMORY    ,ant_colony    ,nan      ,nan                   ,[]      ,False              ,nan                    ,nan                    ,[]         ,nan         ,ACO_POP_100_ALPHA_0_7_BETA_1_9_RHO_0_7_NR_ITER_60,"{'suffix': 'ACO_POP_100_ALPHA_0_7_BETA_1_9_RHO_0_7_NR_ITER_60', 'size_of_population': 100, 'alpha': 0.7, 'beta': 1.9, 'rho': 0.7, 'max_iterations': 60}",nan                   ,nan                   ,nan                   ,nan                   ,8.635120499999175   ,224                                    ,1583                                        ,30032                                 ,30032                                      ,29808                                             ,29808                                                  ,[]
15              ,93             ,TSP_CITIES_SET_93_N_15.json,TIME_AND_MEMORY    ,ant_colony    ,nan      ,nan                   ,[]      ,False              ,nan                    ,nan                    ,[]         ,nan         ,ACO_POP_100_ALPHA_0_7_BETA_1_9_RHO_0_7_NR_ITER_60,"{'suffix': 'ACO_POP_100_ALPHA_0_7_BETA_1_9_RHO_0_7_NR_ITER_60', 'size_of_population': 100, 'alpha': 0.7, 'beta': 1.9, 'rho': 0.7, 'max_iterations': 60}",nan                   ,nan                   ,nan                   ,nan                   ,8.544328399999358   ,224                                    ,1583                                        ,30032                                 ,30032                                      ,29808                                             ,29808                                                  ,[]
15              ,94             ,TSP_CITIES_SET_94_N_15.json,TIME_AND_MEMORY    ,ant_colony    ,nan      ,nan                   ,[]      ,False              ,nan                    ,nan                    ,[]         ,nan         ,ACO_POP_100_ALPHA_0_7_BETA_1_9_RHO_0_7_NR_ITER_60,"{'suffix': 'ACO_POP_100_ALPHA_0_7_BETA_1_9_RHO_0_7_NR_ITER_60', 'size_of_population': 100, 'alpha': 0.7, 'beta': 1.9, 'rho': 0.7, 'max_iterations': 60}",nan                   ,nan                   ,nan                   ,nan                   ,8.597829199999978   ,224                                    ,1583                                        ,30032                                 ,30032                                      ,29808                                             ,29808                                                  ,[]
15              ,95             ,TSP_CITIES_SET_95_N_15.json,TIME_AND_MEMORY    ,ant_colony    ,nan      ,nan                   ,[]      ,False              ,nan                    ,nan                    ,[]         ,nan         ,ACO_POP_100_ALPHA_0_7_BETA_1_9_RHO_0_7_NR_ITER_60,"{'suffix': 'ACO_POP_100_ALPHA_0_7_BETA_1_9_RHO_0_7_NR_ITER_60', 'size_of_population': 100, 'alpha': 0.7, 'beta': 1.9, 'rho': 0.7, 'max_iterations': 60}",nan                   ,nan                   ,nan                   ,nan                   ,8.582307000000583   ,224                                    ,1583                                        ,30032                                 ,30032                                      ,29808                                             ,29808                                                  ,[]
15              ,96             ,TSP_CITIES_SET_96_N_15.json,TIME_AND_MEMORY    ,ant_colony    ,nan      ,nan                   ,[]      ,False              ,nan                    ,nan                    ,[]         ,nan         ,ACO_POP_100_ALPHA_0_7_BETA_1_9_RHO_0_7_NR_ITER_60,"{'suffix': 'ACO_POP_100_ALPHA_0_7_BETA_1_9_RHO_0_7_NR_ITER_60', 'size_of_population': 100, 'alpha': 0.7, 'beta': 1.9, 'rho': 0.7, 'max_iterations': 60}",nan                   ,nan                   ,nan                   ,nan                   ,8.537887000002229   ,224                                    ,1583                                        ,30032                                 ,30032                                      ,29808                                             ,29808                                                  ,[]
15              ,97             ,TSP_CITIES_SET_97_N_15.json,TIME_AND_MEMORY    ,ant_colony    ,nan      ,nan                   ,[]      ,False              ,nan                    ,nan                    ,[]         ,nan         ,ACO_POP_100_ALPHA_0_7_BETA_1_9_RHO_0_7_NR_ITER_60,"{'suffix': 'ACO_POP_100_ALPHA_0_7_BETA_1_9_RHO_0_7_NR_ITER_60', 'size_of_population': 100, 'alpha': 0.7, 'beta': 1.9, 'rho': 0.7, 'max_iterations': 60}",nan                   ,nan                   ,nan                   ,nan                   ,8.646219300000666   ,224                                    ,1583                                        ,30032                                 ,30032                                      ,29808                                             ,29808                                                  ,[]
15              ,98             ,TSP_CITIES_SET_98_N_15.json,TIME_AND_MEMORY    ,ant_colony    ,nan      ,nan                   ,[]      ,False              ,nan                    ,nan                    ,[]         ,nan         ,ACO_POP_100_ALPHA_0_7_BETA_1_9_RHO_0_7_NR_ITER_60,"{'suffix': 'ACO_POP_100_ALPHA_0_7_BETA_1_9_RHO_0_7_NR_ITER_60', 'size_of_population': 100, 'alpha': 0.7, 'beta': 1.9, 'rho': 0.7, 'max_iterations': 60}",nan                   ,nan                   ,nan                   ,nan                   ,8.600431399998342   ,224                                    ,1583                                        ,30032                                 ,30032                                      ,29808                                             ,29808                                                  ,[]
15              ,99             ,TSP_CITIES_SET_99_N_15.json,TIME_AND_MEMORY    ,ant_colony    ,nan      ,nan                   ,[]      ,False              ,nan                    ,nan                    ,[]         ,nan         ,ACO_POP_100_ALPHA_0_7_BETA_1_9_RHO_0_7_NR_ITER_60,"{'suffix': 'ACO_POP_100_ALPHA_0_7_BETA_1_9_RHO_0_7_NR_ITER_60', 'size_of_population': 100, 'alpha': 0.7, 'beta': 1.9, 'rho': 0.7, 'max_iterations': 60}",nan                   ,nan                   ,nan                   ,nan                   ,11.717196099998546  ,224                                    ,1583                                        ,30032                                 ,30032                                      ,29808                                             ,29808                                                  ,[]
