number_of_cities,index_of_sample,name_of_src_file           ,type_of_measurement,used_algorithm,full_cost,hamiltonian_cycle_cost,best_way,best_way_is_optimal,absolute_distance_error,relative_distance_error,optimal_way,optimal_cost,suffix                                     ,parameters                                                                                                                               ,min_utilization_of_cpu,avg_utilization_of_cpu,std_utilization_of_cpu,max_utilization_of_cpu,time_duration_is_sec,used_memory_before_measurement_in_bytes,used_memory_peak_before_measurement_in_bytes,used_memory_after_measurement_in_bytes,used_memory_peak_after_measurement_in_bytes,used_memory_diff_before_after_measurement_in_bytes,used_memory_peak_diff_before_after_measurement_in_bytes,utilization_of_cpu
15              ,0              ,TSP_CITIES_SET_0_N_15.json ,TIME_AND_MEMORY    ,particle_swarm,nan      ,nan                   ,[]      ,False              ,nan                    ,nan                    ,[]         ,nan         ,PSO_POP_1000_ALPHA_0_9_BETA_0_3_NR_ITER_100,"{'suffix': 'PSO_POP_1000_ALPHA_0_9_BETA_0_3_NR_ITER_100', 'size_of_population': 1000, 'alpha': 0.9, 'beta': 0.3, 'max_iterations': 100}",nan                   ,nan                   ,nan                   ,nan                   ,1.7276509999999945  ,0                                      ,1383                                        ,469716                                ,469716                                     ,469716                                            ,469716                                                 ,[]
15              ,1              ,TSP_CITIES_SET_1_N_15.json ,TIME_AND_MEMORY    ,particle_swarm,nan      ,nan                   ,[]      ,False              ,nan                    ,nan                    ,[]         ,nan         ,PSO_POP_1000_ALPHA_0_9_BETA_0_3_NR_ITER_100,"{'suffix': 'PSO_POP_1000_ALPHA_0_9_BETA_0_3_NR_ITER_100', 'size_of_population': 1000, 'alpha': 0.9, 'beta': 0.3, 'max_iterations': 100}",nan                   ,nan                   ,nan                   ,nan                   ,1.7590198000000044  ,0                                      ,1383                                        ,592140                                ,592140                                     ,592140                                            ,592140                                                 ,[]
15              ,2              ,TSP_CITIES_SET_2_N_15.json ,TIME_AND_MEMORY    ,particle_swarm,nan      ,nan                   ,[]      ,False              ,nan                    ,nan                    ,[]         ,nan         ,PSO_POP_1000_ALPHA_0_9_BETA_0_3_NR_ITER_100,"{'suffix': 'PSO_POP_1000_ALPHA_0_9_BETA_0_3_NR_ITER_100', 'size_of_population': 1000, 'alpha': 0.9, 'beta': 0.3, 'max_iterations': 100}",nan                   ,nan                   ,nan                   ,nan                   ,1.6804369999999835  ,0                                      ,1383                                        ,557780                                ,557780                                     ,557780                                            ,557780                                                 ,[]
15              ,3              ,TSP_CITIES_SET_3_N_15.json ,TIME_AND_MEMORY    ,particle_swarm,nan      ,nan                   ,[]      ,False              ,nan                    ,nan                    ,[]         ,nan         ,PSO_POP_1000_ALPHA_0_9_BETA_0_3_NR_ITER_100,"{'suffix': 'PSO_POP_1000_ALPHA_0_9_BETA_0_3_NR_ITER_100', 'size_of_population': 1000, 'alpha': 0.9, 'beta': 0.3, 'max_iterations': 100}",nan                   ,nan                   ,nan                   ,nan                   ,1.8628246000000104  ,0                                      ,1383                                        ,702996                                ,702996                                     ,702996                                            ,702996                                                 ,[]
15              ,4              ,TSP_CITIES_SET_4_N_15.json ,TIME_AND_MEMORY    ,particle_swarm,nan      ,nan                   ,[]      ,False              ,nan                    ,nan                    ,[]         ,nan         ,PSO_POP_1000_ALPHA_0_9_BETA_0_3_NR_ITER_100,"{'suffix': 'PSO_POP_1000_ALPHA_0_9_BETA_0_3_NR_ITER_100', 'size_of_population': 1000, 'alpha': 0.9, 'beta': 0.3, 'max_iterations': 100}",nan                   ,nan                   ,nan                   ,nan                   ,1.8196654000000194  ,0                                      ,1383                                        ,761260                                ,761260                                     ,761260                                            ,761260                                                 ,[]
15              ,5              ,TSP_CITIES_SET_5_N_15.json ,TIME_AND_MEMORY    ,particle_swarm,nan      ,nan                   ,[]      ,False              ,nan                    ,nan                    ,[]         ,nan         ,PSO_POP_1000_ALPHA_0_9_BETA_0_3_NR_ITER_100,"{'suffix': 'PSO_POP_1000_ALPHA_0_9_BETA_0_3_NR_ITER_100', 'size_of_population': 1000, 'alpha': 0.9, 'beta': 0.3, 'max_iterations': 100}",nan                   ,nan                   ,nan                   ,nan                   ,1.7226177000000007  ,0                                      ,1383                                        ,602724                                ,602724                                     ,602724                                            ,602724                                                 ,[]
15              ,6              ,TSP_CITIES_SET_6_N_15.json ,TIME_AND_MEMORY    ,particle_swarm,nan      ,nan                   ,[]      ,False              ,nan                    ,nan                    ,[]         ,nan         ,PSO_POP_1000_ALPHA_0_9_BETA_0_3_NR_ITER_100,"{'suffix': 'PSO_POP_1000_ALPHA_0_9_BETA_0_3_NR_ITER_100', 'size_of_population': 1000, 'alpha': 0.9, 'beta': 0.3, 'max_iterations': 100}",nan                   ,nan                   ,nan                   ,nan                   ,2.03547309999999    ,0                                      ,1383                                        ,752996                                ,752996                                     ,752996                                            ,752996                                                 ,[]
15              ,7              ,TSP_CITIES_SET_7_N_15.json ,TIME_AND_MEMORY    ,particle_swarm,nan      ,nan                   ,[]      ,False              ,nan                    ,nan                    ,[]         ,nan         ,PSO_POP_1000_ALPHA_0_9_BETA_0_3_NR_ITER_100,"{'suffix': 'PSO_POP_1000_ALPHA_0_9_BETA_0_3_NR_ITER_100', 'size_of_population': 1000, 'alpha': 0.9, 'beta': 0.3, 'max_iterations': 100}",nan                   ,nan                   ,nan                   ,nan                   ,1.5856403999999884  ,0                                      ,1383                                        ,526276                                ,526276                                     ,526276                                            ,526276                                                 ,[]
15              ,8              ,TSP_CITIES_SET_8_N_15.json ,TIME_AND_MEMORY    ,particle_swarm,nan      ,nan                   ,[]      ,False              ,nan                    ,nan                    ,[]         ,nan         ,PSO_POP_1000_ALPHA_0_9_BETA_0_3_NR_ITER_100,"{'suffix': 'PSO_POP_1000_ALPHA_0_9_BETA_0_3_NR_ITER_100', 'size_of_population': 1000, 'alpha': 0.9, 'beta': 0.3, 'max_iterations': 100}",nan                   ,nan                   ,nan                   ,nan                   ,1.630325599999992   ,0                                      ,1383                                        ,544860                                ,544860                                     ,544860                                            ,544860                                                 ,[]
15              ,9              ,TSP_CITIES_SET_9_N_15.json ,TIME_AND_MEMORY    ,particle_swarm,nan      ,nan                   ,[]      ,False              ,nan                    ,nan                    ,[]         ,nan         ,PSO_POP_1000_ALPHA_0_9_BETA_0_3_NR_ITER_100,"{'suffix': 'PSO_POP_1000_ALPHA_0_9_BETA_0_3_NR_ITER_100', 'size_of_population': 1000, 'alpha': 0.9, 'beta': 0.3, 'max_iterations': 100}",nan                   ,nan                   ,nan                   ,nan                   ,1.6514554000000317  ,0                                      ,1383                                        ,516980                                ,516980                                     ,516980                                            ,516980                                                 ,[]
15              ,10             ,TSP_CITIES_SET_10_N_15.json,TIME_AND_MEMORY    ,particle_swarm,nan      ,nan                   ,[]      ,False              ,nan                    ,nan                    ,[]         ,nan         ,PSO_POP_1000_ALPHA_0_9_BETA_0_3_NR_ITER_100,"{'suffix': 'PSO_POP_1000_ALPHA_0_9_BETA_0_3_NR_ITER_100', 'size_of_population': 1000, 'alpha': 0.9, 'beta': 0.3, 'max_iterations': 100}",nan                   ,nan                   ,nan                   ,nan                   ,1.4748277999999573  ,0                                      ,1383                                        ,474772                                ,474772                                     ,474772                                            ,474772                                                 ,[]
15              ,11             ,TSP_CITIES_SET_11_N_15.json,TIME_AND_MEMORY    ,particle_swarm,nan      ,nan                   ,[]      ,False              ,nan                    ,nan                    ,[]         ,nan         ,PSO_POP_1000_ALPHA_0_9_BETA_0_3_NR_ITER_100,"{'suffix': 'PSO_POP_1000_ALPHA_0_9_BETA_0_3_NR_ITER_100', 'size_of_population': 1000, 'alpha': 0.9, 'beta': 0.3, 'max_iterations': 100}",nan                   ,nan                   ,nan                   ,nan                   ,1.6453010000000177  ,0                                      ,1383                                        ,510772                                ,510772                                     ,510772                                            ,510772                                                 ,[]
15              ,12             ,TSP_CITIES_SET_12_N_15.json,TIME_AND_MEMORY    ,particle_swarm,nan      ,nan                   ,[]      ,False              ,nan                    ,nan                    ,[]         ,nan         ,PSO_POP_1000_ALPHA_0_9_BETA_0_3_NR_ITER_100,"{'suffix': 'PSO_POP_1000_ALPHA_0_9_BETA_0_3_NR_ITER_100', 'size_of_population': 1000, 'alpha': 0.9, 'beta': 0.3, 'max_iterations': 100}",nan                   ,nan                   ,nan                   ,nan                   ,1.4975014999999985  ,0                                      ,1383                                        ,475436                                ,475436                                     ,475436                                            ,475436                                                 ,[]
15              ,13             ,TSP_CITIES_SET_13_N_15.json,TIME_AND_MEMORY    ,particle_swarm,nan      ,nan                   ,[]      ,False              ,nan                    ,nan                    ,[]         ,nan         ,PSO_POP_1000_ALPHA_0_9_BETA_0_3_NR_ITER_100,"{'suffix': 'PSO_POP_1000_ALPHA_0_9_BETA_0_3_NR_ITER_100', 'size_of_population': 1000, 'alpha': 0.9, 'beta': 0.3, 'max_iterations': 100}",nan                   ,nan                   ,nan                   ,nan                   ,1.7497875999999906  ,0                                      ,1383                                        ,582924                                ,582924                                     ,582924                                            ,582924                                                 ,[]
15              ,14             ,TSP_CITIES_SET_14_N_15.json,TIME_AND_MEMORY    ,particle_swarm,nan      ,nan                   ,[]      ,False              ,nan                    ,nan                    ,[]         ,nan         ,PSO_POP_1000_ALPHA_0_9_BETA_0_3_NR_ITER_100,"{'suffix': 'PSO_POP_1000_ALPHA_0_9_BETA_0_3_NR_ITER_100', 'size_of_population': 1000, 'alpha': 0.9, 'beta': 0.3, 'max_iterations': 100}",nan                   ,nan                   ,nan                   ,nan                   ,2.2639020999999957  ,0                                      ,1383                                        ,616452                                ,616452                                     ,616452                                            ,616452                                                 ,[]
15              ,15             ,TSP_CITIES_SET_15_N_15.json,TIME_AND_MEMORY    ,particle_swarm,nan      ,nan                   ,[]      ,False              ,nan                    ,nan                    ,[]         ,nan         ,PSO_POP_1000_ALPHA_0_9_BETA_0_3_NR_ITER_100,"{'suffix': 'PSO_POP_1000_ALPHA_0_9_BETA_0_3_NR_ITER_100', 'size_of_population': 1000, 'alpha': 0.9, 'beta': 0.3, 'max_iterations': 100}",nan                   ,nan                   ,nan                   ,nan                   ,1.9544065999998566  ,0                                      ,1383                                        ,888292                                ,888292                                     ,888292                                            ,888292                                                 ,[]
15              ,16             ,TSP_CITIES_SET_16_N_15.json,TIME_AND_MEMORY    ,particle_swarm,nan      ,nan                   ,[]      ,False              ,nan                    ,nan                    ,[]         ,nan         ,PSO_POP_1000_ALPHA_0_9_BETA_0_3_NR_ITER_100,"{'suffix': 'PSO_POP_1000_ALPHA_0_9_BETA_0_3_NR_ITER_100', 'size_of_population': 1000, 'alpha': 0.9, 'beta': 0.3, 'max_iterations': 100}",nan                   ,nan                   ,nan                   ,nan                   ,1.7135490000000573  ,0                                      ,1383                                        ,497708                                ,497708                                     ,497708                                            ,497708                                                 ,[]
15              ,17             ,TSP_CITIES_SET_17_N_15.json,TIME_AND_MEMORY    ,particle_swarm,nan      ,nan                   ,[]      ,False              ,nan                    ,nan                    ,[]         ,nan         ,PSO_POP_1000_ALPHA_0_9_BETA_0_3_NR_ITER_100,"{'suffix': 'PSO_POP_1000_ALPHA_0_9_BETA_0_3_NR_ITER_100', 'size_of_population': 1000, 'alpha': 0.9, 'beta': 0.3, 'max_iterations': 100}",nan                   ,nan                   ,nan                   ,nan                   ,1.7116837000000942  ,0                                      ,1383                                        ,575132                                ,575132                                     ,575132                                            ,575132                                                 ,[]
15              ,18             ,TSP_CITIES_SET_18_N_15.json,TIME_AND_MEMORY    ,particle_swarm,nan      ,nan                   ,[]      ,False              ,nan                    ,nan                    ,[]         ,nan         ,PSO_POP_1000_ALPHA_0_9_BETA_0_3_NR_ITER_100,"{'suffix': 'PSO_POP_1000_ALPHA_0_9_BETA_0_3_NR_ITER_100', 'size_of_population': 1000, 'alpha': 0.9, 'beta': 0.3, 'max_iterations': 100}",nan                   ,nan                   ,nan                   ,nan                   ,1.5505760000000919  ,0                                      ,1383                                        ,513236                                ,513236                                     ,513236                                            ,513236                                                 ,[]
15              ,19             ,TSP_CITIES_SET_19_N_15.json,TIME_AND_MEMORY    ,particle_swarm,nan      ,nan                   ,[]      ,False              ,nan                    ,nan                    ,[]         ,nan         ,PSO_POP_1000_ALPHA_0_9_BETA_0_3_NR_ITER_100,"{'suffix': 'PSO_POP_1000_ALPHA_0_9_BETA_0_3_NR_ITER_100', 'size_of_population': 1000, 'alpha': 0.9, 'beta': 0.3, 'max_iterations': 100}",nan                   ,nan                   ,nan                   ,nan                   ,1.7237514999999348  ,0                                      ,1383                                        ,567068                                ,567068                                     ,567068                                            ,567068                                                 ,[]
15              ,20             ,TSP_CITIES_SET_20_N_15.json,TIME_AND_MEMORY    ,particle_swarm,nan      ,nan                   ,[]      ,False              ,nan                    ,nan                    ,[]         ,nan         ,PSO_POP_1000_ALPHA_0_9_BETA_0_3_NR_ITER_100,"{'suffix': 'PSO_POP_1000_ALPHA_0_9_BETA_0_3_NR_ITER_100', 'size_of_population': 1000, 'alpha': 0.9, 'beta': 0.3, 'max_iterations': 100}",nan                   ,nan                   ,nan                   ,nan                   ,1.7003551999998763  ,0                                      ,1383                                        ,523444                                ,523444                                     ,523444                                            ,523444                                                 ,[]
15              ,21             ,TSP_CITIES_SET_21_N_15.json,TIME_AND_MEMORY    ,particle_swarm,nan      ,nan                   ,[]      ,False              ,nan                    ,nan                    ,[]         ,nan         ,PSO_POP_1000_ALPHA_0_9_BETA_0_3_NR_ITER_100,"{'suffix': 'PSO_POP_1000_ALPHA_0_9_BETA_0_3_NR_ITER_100', 'size_of_population': 1000, 'alpha': 0.9, 'beta': 0.3, 'max_iterations': 100}",nan                   ,nan                   ,nan                   ,nan                   ,1.6473410000000968  ,0                                      ,1383                                        ,515172                                ,515172                                     ,515172                                            ,515172                                                 ,[]
15              ,22             ,TSP_CITIES_SET_22_N_15.json,TIME_AND_MEMORY    ,particle_swarm,nan      ,nan                   ,[]      ,False              ,nan                    ,nan                    ,[]         ,nan         ,PSO_POP_1000_ALPHA_0_9_BETA_0_3_NR_ITER_100,"{'suffix': 'PSO_POP_1000_ALPHA_0_9_BETA_0_3_NR_ITER_100', 'size_of_population': 1000, 'alpha': 0.9, 'beta': 0.3, 'max_iterations': 100}",nan                   ,nan                   ,nan                   ,nan                   ,1.8549403000001803  ,0                                      ,1383                                        ,522476                                ,522476                                     ,522476                                            ,522476                                                 ,[]
15              ,23             ,TSP_CITIES_SET_23_N_15.json,TIME_AND_MEMORY    ,particle_swarm,nan      ,nan                   ,[]      ,False              ,nan                    ,nan                    ,[]         ,nan         ,PSO_POP_1000_ALPHA_0_9_BETA_0_3_NR_ITER_100,"{'suffix': 'PSO_POP_1000_ALPHA_0_9_BETA_0_3_NR_ITER_100', 'size_of_population': 1000, 'alpha': 0.9, 'beta': 0.3, 'max_iterations': 100}",nan                   ,nan                   ,nan                   ,nan                   ,2.1132026000000224  ,0                                      ,1383                                        ,787180                                ,787180                                     ,787180                                            ,787180                                                 ,[]
15              ,24             ,TSP_CITIES_SET_24_N_15.json,TIME_AND_MEMORY    ,particle_swarm,nan      ,nan                   ,[]      ,False              ,nan                    ,nan                    ,[]         ,nan         ,PSO_POP_1000_ALPHA_0_9_BETA_0_3_NR_ITER_100,"{'suffix': 'PSO_POP_1000_ALPHA_0_9_BETA_0_3_NR_ITER_100', 'size_of_population': 1000, 'alpha': 0.9, 'beta': 0.3, 'max_iterations': 100}",nan                   ,nan                   ,nan                   ,nan                   ,1.7674298000001727  ,0                                      ,1383                                        ,568364                                ,568364                                     ,568364                                            ,568364                                                 ,[]
15              ,25             ,TSP_CITIES_SET_25_N_15.json,TIME_AND_MEMORY    ,particle_swarm,nan      ,nan                   ,[]      ,False              ,nan                    ,nan                    ,[]         ,nan         ,PSO_POP_1000_ALPHA_0_9_BETA_0_3_NR_ITER_100,"{'suffix': 'PSO_POP_1000_ALPHA_0_9_BETA_0_3_NR_ITER_100', 'size_of_population': 1000, 'alpha': 0.9, 'beta': 0.3, 'max_iterations': 100}",nan                   ,nan                   ,nan                   ,nan                   ,1.6705287000004319  ,0                                      ,1383                                        ,596796                                ,596796                                     ,596796                                            ,596796                                                 ,[]
15              ,26             ,TSP_CITIES_SET_26_N_15.json,TIME_AND_MEMORY    ,particle_swarm,nan      ,nan                   ,[]      ,False              ,nan                    ,nan                    ,[]         ,nan         ,PSO_POP_1000_ALPHA_0_9_BETA_0_3_NR_ITER_100,"{'suffix': 'PSO_POP_1000_ALPHA_0_9_BETA_0_3_NR_ITER_100', 'size_of_population': 1000, 'alpha': 0.9, 'beta': 0.3, 'max_iterations': 100}",nan                   ,nan                   ,nan                   ,nan                   ,1.9255299000001287  ,0                                      ,1383                                        ,829204                                ,829204                                     ,829204                                            ,829204                                                 ,[]
15              ,27             ,TSP_CITIES_SET_27_N_15.json,TIME_AND_MEMORY    ,particle_swarm,nan      ,nan                   ,[]      ,False              ,nan                    ,nan                    ,[]         ,nan         ,PSO_POP_1000_ALPHA_0_9_BETA_0_3_NR_ITER_100,"{'suffix': 'PSO_POP_1000_ALPHA_0_9_BETA_0_3_NR_ITER_100', 'size_of_population': 1000, 'alpha': 0.9, 'beta': 0.3, 'max_iterations': 100}",nan                   ,nan                   ,nan                   ,nan                   ,2.028238599999895   ,0                                      ,1383                                        ,724844                                ,724844                                     ,724844                                            ,724844                                                 ,[]
15              ,28             ,TSP_CITIES_SET_28_N_15.json,TIME_AND_MEMORY    ,particle_swarm,nan      ,nan                   ,[]      ,False              ,nan                    ,nan                    ,[]         ,nan         ,PSO_POP_1000_ALPHA_0_9_BETA_0_3_NR_ITER_100,"{'suffix': 'PSO_POP_1000_ALPHA_0_9_BETA_0_3_NR_ITER_100', 'size_of_population': 1000, 'alpha': 0.9, 'beta': 0.3, 'max_iterations': 100}",nan                   ,nan                   ,nan                   ,nan                   ,1.9198018000001866  ,0                                      ,1383                                        ,928532                                ,928532                                     ,928532                                            ,928532                                                 ,[]
15              ,29             ,TSP_CITIES_SET_29_N_15.json,TIME_AND_MEMORY    ,particle_swarm,nan      ,nan                   ,[]      ,False              ,nan                    ,nan                    ,[]         ,nan         ,PSO_POP_1000_ALPHA_0_9_BETA_0_3_NR_ITER_100,"{'suffix': 'PSO_POP_1000_ALPHA_0_9_BETA_0_3_NR_ITER_100', 'size_of_population': 1000, 'alpha': 0.9, 'beta': 0.3, 'max_iterations': 100}",nan                   ,nan                   ,nan                   ,nan                   ,1.5951021000000765  ,0                                      ,1383                                        ,541396                                ,541396                                     ,541396                                            ,541396                                                 ,[]
15              ,30             ,TSP_CITIES_SET_30_N_15.json,TIME_AND_MEMORY    ,particle_swarm,nan      ,nan                   ,[]      ,False              ,nan                    ,nan                    ,[]         ,nan         ,PSO_POP_1000_ALPHA_0_9_BETA_0_3_NR_ITER_100,"{'suffix': 'PSO_POP_1000_ALPHA_0_9_BETA_0_3_NR_ITER_100', 'size_of_population': 1000, 'alpha': 0.9, 'beta': 0.3, 'max_iterations': 100}",nan                   ,nan                   ,nan                   ,nan                   ,2.126459000000068   ,0                                      ,1383                                        ,854772                                ,854772                                     ,854772                                            ,854772                                                 ,[]
15              ,31             ,TSP_CITIES_SET_31_N_15.json,TIME_AND_MEMORY    ,particle_swarm,nan      ,nan                   ,[]      ,False              ,nan                    ,nan                    ,[]         ,nan         ,PSO_POP_1000_ALPHA_0_9_BETA_0_3_NR_ITER_100,"{'suffix': 'PSO_POP_1000_ALPHA_0_9_BETA_0_3_NR_ITER_100', 'size_of_population': 1000, 'alpha': 0.9, 'beta': 0.3, 'max_iterations': 100}",nan                   ,nan                   ,nan                   ,nan                   ,1.5460500999997748  ,0                                      ,1383                                        ,509540                                ,509540                                     ,509540                                            ,509540                                                 ,[]
15              ,32             ,TSP_CITIES_SET_32_N_15.json,TIME_AND_MEMORY    ,particle_swarm,nan      ,nan                   ,[]      ,False              ,nan                    ,nan                    ,[]         ,nan         ,PSO_POP_1000_ALPHA_0_9_BETA_0_3_NR_ITER_100,"{'suffix': 'PSO_POP_1000_ALPHA_0_9_BETA_0_3_NR_ITER_100', 'size_of_population': 1000, 'alpha': 0.9, 'beta': 0.3, 'max_iterations': 100}",nan                   ,nan                   ,nan                   ,nan                   ,1.7299590000002354  ,0                                      ,1383                                        ,543700                                ,543700                                     ,543700                                            ,543700                                                 ,[]
15              ,33             ,TSP_CITIES_SET_33_N_15.json,TIME_AND_MEMORY    ,particle_swarm,nan      ,nan                   ,[]      ,False              ,nan                    ,nan                    ,[]         ,nan         ,PSO_POP_1000_ALPHA_0_9_BETA_0_3_NR_ITER_100,"{'suffix': 'PSO_POP_1000_ALPHA_0_9_BETA_0_3_NR_ITER_100', 'size_of_population': 1000, 'alpha': 0.9, 'beta': 0.3, 'max_iterations': 100}",nan                   ,nan                   ,nan                   ,nan                   ,1.748078500000247   ,0                                      ,1383                                        ,567484                                ,567484                                     ,567484                                            ,567484                                                 ,[]
15              ,34             ,TSP_CITIES_SET_34_N_15.json,TIME_AND_MEMORY    ,particle_swarm,nan      ,nan                   ,[]      ,False              ,nan                    ,nan                    ,[]         ,nan         ,PSO_POP_1000_ALPHA_0_9_BETA_0_3_NR_ITER_100,"{'suffix': 'PSO_POP_1000_ALPHA_0_9_BETA_0_3_NR_ITER_100', 'size_of_population': 1000, 'alpha': 0.9, 'beta': 0.3, 'max_iterations': 100}",nan                   ,nan                   ,nan                   ,nan                   ,1.6837984999997389  ,0                                      ,1383                                        ,521484                                ,521484                                     ,521484                                            ,521484                                                 ,[]
15              ,35             ,TSP_CITIES_SET_35_N_15.json,TIME_AND_MEMORY    ,particle_swarm,nan      ,nan                   ,[]      ,False              ,nan                    ,nan                    ,[]         ,nan         ,PSO_POP_1000_ALPHA_0_9_BETA_0_3_NR_ITER_100,"{'suffix': 'PSO_POP_1000_ALPHA_0_9_BETA_0_3_NR_ITER_100', 'size_of_population': 1000, 'alpha': 0.9, 'beta': 0.3, 'max_iterations': 100}",nan                   ,nan                   ,nan                   ,nan                   ,1.6120750999998563  ,0                                      ,1383                                        ,488372                                ,488372                                     ,488372                                            ,488372                                                 ,[]
15              ,36             ,TSP_CITIES_SET_36_N_15.json,TIME_AND_MEMORY    ,particle_swarm,nan      ,nan                   ,[]      ,False              ,nan                    ,nan                    ,[]         ,nan         ,PSO_POP_1000_ALPHA_0_9_BETA_0_3_NR_ITER_100,"{'suffix': 'PSO_POP_1000_ALPHA_0_9_BETA_0_3_NR_ITER_100', 'size_of_population': 1000, 'alpha': 0.9, 'beta': 0.3, 'max_iterations': 100}",nan                   ,nan                   ,nan                   ,nan                   ,1.6888999000002514  ,0                                      ,1383                                        ,557428                                ,557428                                     ,557428                                            ,557428                                                 ,[]
15              ,37             ,TSP_CITIES_SET_37_N_15.json,TIME_AND_MEMORY    ,particle_swarm,nan      ,nan                   ,[]      ,False              ,nan                    ,nan                    ,[]         ,nan         ,PSO_POP_1000_ALPHA_0_9_BETA_0_3_NR_ITER_100,"{'suffix': 'PSO_POP_1000_ALPHA_0_9_BETA_0_3_NR_ITER_100', 'size_of_population': 1000, 'alpha': 0.9, 'beta': 0.3, 'max_iterations': 100}",nan                   ,nan                   ,nan                   ,nan                   ,2.006710799999837   ,0                                      ,1383                                        ,886524                                ,886524                                     ,886524                                            ,886524                                                 ,[]
15              ,38             ,TSP_CITIES_SET_38_N_15.json,TIME_AND_MEMORY    ,particle_swarm,nan      ,nan                   ,[]      ,False              ,nan                    ,nan                    ,[]         ,nan         ,PSO_POP_1000_ALPHA_0_9_BETA_0_3_NR_ITER_100,"{'suffix': 'PSO_POP_1000_ALPHA_0_9_BETA_0_3_NR_ITER_100', 'size_of_population': 1000, 'alpha': 0.9, 'beta': 0.3, 'max_iterations': 100}",nan                   ,nan                   ,nan                   ,nan                   ,1.6781750000000102  ,0                                      ,1383                                        ,565268                                ,565268                                     ,565268                                            ,565268                                                 ,[]
15              ,39             ,TSP_CITIES_SET_39_N_15.json,TIME_AND_MEMORY    ,particle_swarm,nan      ,nan                   ,[]      ,False              ,nan                    ,nan                    ,[]         ,nan         ,PSO_POP_1000_ALPHA_0_9_BETA_0_3_NR_ITER_100,"{'suffix': 'PSO_POP_1000_ALPHA_0_9_BETA_0_3_NR_ITER_100', 'size_of_population': 1000, 'alpha': 0.9, 'beta': 0.3, 'max_iterations': 100}",nan                   ,nan                   ,nan                   ,nan                   ,1.6024632000003294  ,0                                      ,1383                                        ,505652                                ,505652                                     ,505652                                            ,505652                                                 ,[]
15              ,40             ,TSP_CITIES_SET_40_N_15.json,TIME_AND_MEMORY    ,particle_swarm,nan      ,nan                   ,[]      ,False              ,nan                    ,nan                    ,[]         ,nan         ,PSO_POP_1000_ALPHA_0_9_BETA_0_3_NR_ITER_100,"{'suffix': 'PSO_POP_1000_ALPHA_0_9_BETA_0_3_NR_ITER_100', 'size_of_population': 1000, 'alpha': 0.9, 'beta': 0.3, 'max_iterations': 100}",nan                   ,nan                   ,nan                   ,nan                   ,2.125776599999881   ,0                                      ,1383                                        ,861596                                ,861596                                     ,861596                                            ,861596                                                 ,[]
15              ,41             ,TSP_CITIES_SET_41_N_15.json,TIME_AND_MEMORY    ,particle_swarm,nan      ,nan                   ,[]      ,False              ,nan                    ,nan                    ,[]         ,nan         ,PSO_POP_1000_ALPHA_0_9_BETA_0_3_NR_ITER_100,"{'suffix': 'PSO_POP_1000_ALPHA_0_9_BETA_0_3_NR_ITER_100', 'size_of_population': 1000, 'alpha': 0.9, 'beta': 0.3, 'max_iterations': 100}",nan                   ,nan                   ,nan                   ,nan                   ,1.9356547000002138  ,0                                      ,1383                                        ,910828                                ,910828                                     ,910828                                            ,910828                                                 ,[]
15              ,42             ,TSP_CITIES_SET_42_N_15.json,TIME_AND_MEMORY    ,particle_swarm,nan      ,nan                   ,[]      ,False              ,nan                    ,nan                    ,[]         ,nan         ,PSO_POP_1000_ALPHA_0_9_BETA_0_3_NR_ITER_100,"{'suffix': 'PSO_POP_1000_ALPHA_0_9_BETA_0_3_NR_ITER_100', 'size_of_population': 1000, 'alpha': 0.9, 'beta': 0.3, 'max_iterations': 100}",nan                   ,nan                   ,nan                   ,nan                   ,1.4612112999998317  ,0                                      ,1383                                        ,477564                                ,477564                                     ,477564                                            ,477564                                                 ,[]
15              ,43             ,TSP_CITIES_SET_43_N_15.json,TIME_AND_MEMORY    ,particle_swarm,nan      ,nan                   ,[]      ,False              ,nan                    ,nan                    ,[]         ,nan         ,PSO_POP_1000_ALPHA_0_9_BETA_0_3_NR_ITER_100,"{'suffix': 'PSO_POP_1000_ALPHA_0_9_BETA_0_3_NR_ITER_100', 'size_of_population': 1000, 'alpha': 0.9, 'beta': 0.3, 'max_iterations': 100}",nan                   ,nan                   ,nan                   ,nan                   ,2.231908399999611   ,0                                      ,1383                                        ,1110956                               ,1110956                                    ,1110956                                           ,1110956                                                ,[]
15              ,44             ,TSP_CITIES_SET_44_N_15.json,TIME_AND_MEMORY    ,particle_swarm,nan      ,nan                   ,[]      ,False              ,nan                    ,nan                    ,[]         ,nan         ,PSO_POP_1000_ALPHA_0_9_BETA_0_3_NR_ITER_100,"{'suffix': 'PSO_POP_1000_ALPHA_0_9_BETA_0_3_NR_ITER_100', 'size_of_population': 1000, 'alpha': 0.9, 'beta': 0.3, 'max_iterations': 100}",nan                   ,nan                   ,nan                   ,nan                   ,1.5936885999999504  ,0                                      ,1383                                        ,474068                                ,474068                                     ,474068                                            ,474068                                                 ,[]
15              ,45             ,TSP_CITIES_SET_45_N_15.json,TIME_AND_MEMORY    ,particle_swarm,nan      ,nan                   ,[]      ,False              ,nan                    ,nan                    ,[]         ,nan         ,PSO_POP_1000_ALPHA_0_9_BETA_0_3_NR_ITER_100,"{'suffix': 'PSO_POP_1000_ALPHA_0_9_BETA_0_3_NR_ITER_100', 'size_of_population': 1000, 'alpha': 0.9, 'beta': 0.3, 'max_iterations': 100}",nan                   ,nan                   ,nan                   ,nan                   ,1.8048294999998689  ,0                                      ,1383                                        ,955108                                ,955108                                     ,955108                                            ,955108                                                 ,[]
15              ,46             ,TSP_CITIES_SET_46_N_15.json,TIME_AND_MEMORY    ,particle_swarm,nan      ,nan                   ,[]      ,False              ,nan                    ,nan                    ,[]         ,nan         ,PSO_POP_1000_ALPHA_0_9_BETA_0_3_NR_ITER_100,"{'suffix': 'PSO_POP_1000_ALPHA_0_9_BETA_0_3_NR_ITER_100', 'size_of_population': 1000, 'alpha': 0.9, 'beta': 0.3, 'max_iterations': 100}",nan                   ,nan                   ,nan                   ,nan                   ,1.684005199999774   ,0                                      ,1383                                        ,502132                                ,502132                                     ,502132                                            ,502132                                                 ,[]
15              ,47             ,TSP_CITIES_SET_47_N_15.json,TIME_AND_MEMORY    ,particle_swarm,nan      ,nan                   ,[]      ,False              ,nan                    ,nan                    ,[]         ,nan         ,PSO_POP_1000_ALPHA_0_9_BETA_0_3_NR_ITER_100,"{'suffix': 'PSO_POP_1000_ALPHA_0_9_BETA_0_3_NR_ITER_100', 'size_of_population': 1000, 'alpha': 0.9, 'beta': 0.3, 'max_iterations': 100}",nan                   ,nan                   ,nan                   ,nan                   ,1.8345991000005597  ,0                                      ,1383                                        ,640116                                ,640116                                     ,640116                                            ,640116                                                 ,[]
15              ,48             ,TSP_CITIES_SET_48_N_15.json,TIME_AND_MEMORY    ,particle_swarm,nan      ,nan                   ,[]      ,False              ,nan                    ,nan                    ,[]         ,nan         ,PSO_POP_1000_ALPHA_0_9_BETA_0_3_NR_ITER_100,"{'suffix': 'PSO_POP_1000_ALPHA_0_9_BETA_0_3_NR_ITER_100', 'size_of_population': 1000, 'alpha': 0.9, 'beta': 0.3, 'max_iterations': 100}",nan                   ,nan                   ,nan                   ,nan                   ,1.8239703000008376  ,0                                      ,1383                                        ,600196                                ,600196                                     ,600196                                            ,600196                                                 ,[]
15              ,49             ,TSP_CITIES_SET_49_N_15.json,TIME_AND_MEMORY    ,particle_swarm,nan      ,nan                   ,[]      ,False              ,nan                    ,nan                    ,[]         ,nan         ,PSO_POP_1000_ALPHA_0_9_BETA_0_3_NR_ITER_100,"{'suffix': 'PSO_POP_1000_ALPHA_0_9_BETA_0_3_NR_ITER_100', 'size_of_population': 1000, 'alpha': 0.9, 'beta': 0.3, 'max_iterations': 100}",nan                   ,nan                   ,nan                   ,nan                   ,1.7634624000002077  ,0                                      ,1383                                        ,567556                                ,567556                                     ,567556                                            ,567556                                                 ,[]
15              ,50             ,TSP_CITIES_SET_50_N_15.json,TIME_AND_MEMORY    ,particle_swarm,nan      ,nan                   ,[]      ,False              ,nan                    ,nan                    ,[]         ,nan         ,PSO_POP_1000_ALPHA_0_9_BETA_0_3_NR_ITER_100,"{'suffix': 'PSO_POP_1000_ALPHA_0_9_BETA_0_3_NR_ITER_100', 'size_of_population': 1000, 'alpha': 0.9, 'beta': 0.3, 'max_iterations': 100}",nan                   ,nan                   ,nan                   ,nan                   ,1.798420399999486   ,0                                      ,1383                                        ,648172                                ,648172                                     ,648172                                            ,648172                                                 ,[]
15              ,51             ,TSP_CITIES_SET_51_N_15.json,TIME_AND_MEMORY    ,particle_swarm,nan      ,nan                   ,[]      ,False              ,nan                    ,nan                    ,[]         ,nan         ,PSO_POP_1000_ALPHA_0_9_BETA_0_3_NR_ITER_100,"{'suffix': 'PSO_POP_1000_ALPHA_0_9_BETA_0_3_NR_ITER_100', 'size_of_population': 1000, 'alpha': 0.9, 'beta': 0.3, 'max_iterations': 100}",nan                   ,nan                   ,nan                   ,nan                   ,1.554820700000164   ,0                                      ,1383                                        ,508420                                ,508420                                     ,508420                                            ,508420                                                 ,[]
15              ,52             ,TSP_CITIES_SET_52_N_15.json,TIME_AND_MEMORY    ,particle_swarm,nan      ,nan                   ,[]      ,False              ,nan                    ,nan                    ,[]         ,nan         ,PSO_POP_1000_ALPHA_0_9_BETA_0_3_NR_ITER_100,"{'suffix': 'PSO_POP_1000_ALPHA_0_9_BETA_0_3_NR_ITER_100', 'size_of_population': 1000, 'alpha': 0.9, 'beta': 0.3, 'max_iterations': 100}",nan                   ,nan                   ,nan                   ,nan                   ,1.4745547000002261  ,0                                      ,1383                                        ,492868                                ,492868                                     ,492868                                            ,492868                                                 ,[]
15              ,53             ,TSP_CITIES_SET_53_N_15.json,TIME_AND_MEMORY    ,particle_swarm,nan      ,nan                   ,[]      ,False              ,nan                    ,nan                    ,[]         ,nan         ,PSO_POP_1000_ALPHA_0_9_BETA_0_3_NR_ITER_100,"{'suffix': 'PSO_POP_1000_ALPHA_0_9_BETA_0_3_NR_ITER_100', 'size_of_population': 1000, 'alpha': 0.9, 'beta': 0.3, 'max_iterations': 100}",nan                   ,nan                   ,nan                   ,nan                   ,1.5357716999997137  ,0                                      ,1383                                        ,495860                                ,495860                                     ,495860                                            ,495860                                                 ,[]
15              ,54             ,TSP_CITIES_SET_54_N_15.json,TIME_AND_MEMORY    ,particle_swarm,nan      ,nan                   ,[]      ,False              ,nan                    ,nan                    ,[]         ,nan         ,PSO_POP_1000_ALPHA_0_9_BETA_0_3_NR_ITER_100,"{'suffix': 'PSO_POP_1000_ALPHA_0_9_BETA_0_3_NR_ITER_100', 'size_of_population': 1000, 'alpha': 0.9, 'beta': 0.3, 'max_iterations': 100}",nan                   ,nan                   ,nan                   ,nan                   ,1.590263999999479   ,0                                      ,1383                                        ,511556                                ,511556                                     ,511556                                            ,511556                                                 ,[]
15              ,55             ,TSP_CITIES_SET_55_N_15.json,TIME_AND_MEMORY    ,particle_swarm,nan      ,nan                   ,[]      ,False              ,nan                    ,nan                    ,[]         ,nan         ,PSO_POP_1000_ALPHA_0_9_BETA_0_3_NR_ITER_100,"{'suffix': 'PSO_POP_1000_ALPHA_0_9_BETA_0_3_NR_ITER_100', 'size_of_population': 1000, 'alpha': 0.9, 'beta': 0.3, 'max_iterations': 100}",nan                   ,nan                   ,nan                   ,nan                   ,1.9766601999999693  ,0                                      ,1383                                        ,939148                                ,939148                                     ,939148                                            ,939148                                                 ,[]
15              ,56             ,TSP_CITIES_SET_56_N_15.json,TIME_AND_MEMORY    ,particle_swarm,nan      ,nan                   ,[]      ,False              ,nan                    ,nan                    ,[]         ,nan         ,PSO_POP_1000_ALPHA_0_9_BETA_0_3_NR_ITER_100,"{'suffix': 'PSO_POP_1000_ALPHA_0_9_BETA_0_3_NR_ITER_100', 'size_of_population': 1000, 'alpha': 0.9, 'beta': 0.3, 'max_iterations': 100}",nan                   ,nan                   ,nan                   ,nan                   ,1.644463500000711   ,0                                      ,1383                                        ,531828                                ,531828                                     ,531828                                            ,531828                                                 ,[]
15              ,57             ,TSP_CITIES_SET_57_N_15.json,TIME_AND_MEMORY    ,particle_swarm,nan      ,nan                   ,[]      ,False              ,nan                    ,nan                    ,[]         ,nan         ,PSO_POP_1000_ALPHA_0_9_BETA_0_3_NR_ITER_100,"{'suffix': 'PSO_POP_1000_ALPHA_0_9_BETA_0_3_NR_ITER_100', 'size_of_population': 1000, 'alpha': 0.9, 'beta': 0.3, 'max_iterations': 100}",nan                   ,nan                   ,nan                   ,nan                   ,1.667545300000711   ,0                                      ,1383                                        ,622148                                ,622148                                     ,622148                                            ,622148                                                 ,[]
15              ,58             ,TSP_CITIES_SET_58_N_15.json,TIME_AND_MEMORY    ,particle_swarm,nan      ,nan                   ,[]      ,False              ,nan                    ,nan                    ,[]         ,nan         ,PSO_POP_1000_ALPHA_0_9_BETA_0_3_NR_ITER_100,"{'suffix': 'PSO_POP_1000_ALPHA_0_9_BETA_0_3_NR_ITER_100', 'size_of_population': 1000, 'alpha': 0.9, 'beta': 0.3, 'max_iterations': 100}",nan                   ,nan                   ,nan                   ,nan                   ,1.7092271999999866  ,0                                      ,1383                                        ,710180                                ,710180                                     ,710180                                            ,710180                                                 ,[]
15              ,59             ,TSP_CITIES_SET_59_N_15.json,TIME_AND_MEMORY    ,particle_swarm,nan      ,nan                   ,[]      ,False              ,nan                    ,nan                    ,[]         ,nan         ,PSO_POP_1000_ALPHA_0_9_BETA_0_3_NR_ITER_100,"{'suffix': 'PSO_POP_1000_ALPHA_0_9_BETA_0_3_NR_ITER_100', 'size_of_population': 1000, 'alpha': 0.9, 'beta': 0.3, 'max_iterations': 100}",nan                   ,nan                   ,nan                   ,nan                   ,1.5909461999999621  ,0                                      ,1383                                        ,513372                                ,513372                                     ,513372                                            ,513372                                                 ,[]
15              ,60             ,TSP_CITIES_SET_60_N_15.json,TIME_AND_MEMORY    ,particle_swarm,nan      ,nan                   ,[]      ,False              ,nan                    ,nan                    ,[]         ,nan         ,PSO_POP_1000_ALPHA_0_9_BETA_0_3_NR_ITER_100,"{'suffix': 'PSO_POP_1000_ALPHA_0_9_BETA_0_3_NR_ITER_100', 'size_of_population': 1000, 'alpha': 0.9, 'beta': 0.3, 'max_iterations': 100}",nan                   ,nan                   ,nan                   ,nan                   ,1.655800000000454   ,0                                      ,1383                                        ,561796                                ,561796                                     ,561796                                            ,561796                                                 ,[]
15              ,61             ,TSP_CITIES_SET_61_N_15.json,TIME_AND_MEMORY    ,particle_swarm,nan      ,nan                   ,[]      ,False              ,nan                    ,nan                    ,[]         ,nan         ,PSO_POP_1000_ALPHA_0_9_BETA_0_3_NR_ITER_100,"{'suffix': 'PSO_POP_1000_ALPHA_0_9_BETA_0_3_NR_ITER_100', 'size_of_population': 1000, 'alpha': 0.9, 'beta': 0.3, 'max_iterations': 100}",nan                   ,nan                   ,nan                   ,nan                   ,1.727600000000166   ,0                                      ,1383                                        ,598548                                ,598548                                     ,598548                                            ,598548                                                 ,[]
15              ,62             ,TSP_CITIES_SET_62_N_15.json,TIME_AND_MEMORY    ,particle_swarm,nan      ,nan                   ,[]      ,False              ,nan                    ,nan                    ,[]         ,nan         ,PSO_POP_1000_ALPHA_0_9_BETA_0_3_NR_ITER_100,"{'suffix': 'PSO_POP_1000_ALPHA_0_9_BETA_0_3_NR_ITER_100', 'size_of_population': 1000, 'alpha': 0.9, 'beta': 0.3, 'max_iterations': 100}",nan                   ,nan                   ,nan                   ,nan                   ,1.7616582000000562  ,0                                      ,1383                                        ,617204                                ,617204                                     ,617204                                            ,617204                                                 ,[]
15              ,63             ,TSP_CITIES_SET_63_N_15.json,TIME_AND_MEMORY    ,particle_swarm,nan      ,nan                   ,[]      ,False              ,nan                    ,nan                    ,[]         ,nan         ,PSO_POP_1000_ALPHA_0_9_BETA_0_3_NR_ITER_100,"{'suffix': 'PSO_POP_1000_ALPHA_0_9_BETA_0_3_NR_ITER_100', 'size_of_population': 1000, 'alpha': 0.9, 'beta': 0.3, 'max_iterations': 100}",nan                   ,nan                   ,nan                   ,nan                   ,1.6478443000005427  ,0                                      ,1383                                        ,578356                                ,578356                                     ,578356                                            ,578356                                                 ,[]
15              ,64             ,TSP_CITIES_SET_64_N_15.json,TIME_AND_MEMORY    ,particle_swarm,nan      ,nan                   ,[]      ,False              ,nan                    ,nan                    ,[]         ,nan         ,PSO_POP_1000_ALPHA_0_9_BETA_0_3_NR_ITER_100,"{'suffix': 'PSO_POP_1000_ALPHA_0_9_BETA_0_3_NR_ITER_100', 'size_of_population': 1000, 'alpha': 0.9, 'beta': 0.3, 'max_iterations': 100}",nan                   ,nan                   ,nan                   ,nan                   ,1.6788857000001371  ,0                                      ,1383                                        ,571988                                ,571988                                     ,571988                                            ,571988                                                 ,[]
15              ,65             ,TSP_CITIES_SET_65_N_15.json,TIME_AND_MEMORY    ,particle_swarm,nan      ,nan                   ,[]      ,False              ,nan                    ,nan                    ,[]         ,nan         ,PSO_POP_1000_ALPHA_0_9_BETA_0_3_NR_ITER_100,"{'suffix': 'PSO_POP_1000_ALPHA_0_9_BETA_0_3_NR_ITER_100', 'size_of_population': 1000, 'alpha': 0.9, 'beta': 0.3, 'max_iterations': 100}",nan                   ,nan                   ,nan                   ,nan                   ,1.4764245000005758  ,0                                      ,1383                                        ,503460                                ,503460                                     ,503460                                            ,503460                                                 ,[]
15              ,66             ,TSP_CITIES_SET_66_N_15.json,TIME_AND_MEMORY    ,particle_swarm,nan      ,nan                   ,[]      ,False              ,nan                    ,nan                    ,[]         ,nan         ,PSO_POP_1000_ALPHA_0_9_BETA_0_3_NR_ITER_100,"{'suffix': 'PSO_POP_1000_ALPHA_0_9_BETA_0_3_NR_ITER_100', 'size_of_population': 1000, 'alpha': 0.9, 'beta': 0.3, 'max_iterations': 100}",nan                   ,nan                   ,nan                   ,nan                   ,1.6704315000006318  ,0                                      ,1383                                        ,651692                                ,651692                                     ,651692                                            ,651692                                                 ,[]
15              ,67             ,TSP_CITIES_SET_67_N_15.json,TIME_AND_MEMORY    ,particle_swarm,nan      ,nan                   ,[]      ,False              ,nan                    ,nan                    ,[]         ,nan         ,PSO_POP_1000_ALPHA_0_9_BETA_0_3_NR_ITER_100,"{'suffix': 'PSO_POP_1000_ALPHA_0_9_BETA_0_3_NR_ITER_100', 'size_of_population': 1000, 'alpha': 0.9, 'beta': 0.3, 'max_iterations': 100}",nan                   ,nan                   ,nan                   ,nan                   ,1.608015599999817   ,0                                      ,1383                                        ,603172                                ,603172                                     ,603172                                            ,603172                                                 ,[]
15              ,68             ,TSP_CITIES_SET_68_N_15.json,TIME_AND_MEMORY    ,particle_swarm,nan      ,nan                   ,[]      ,False              ,nan                    ,nan                    ,[]         ,nan         ,PSO_POP_1000_ALPHA_0_9_BETA_0_3_NR_ITER_100,"{'suffix': 'PSO_POP_1000_ALPHA_0_9_BETA_0_3_NR_ITER_100', 'size_of_population': 1000, 'alpha': 0.9, 'beta': 0.3, 'max_iterations': 100}",nan                   ,nan                   ,nan                   ,nan                   ,2.0774514000004274  ,0                                      ,1383                                        ,886156                                ,886156                                     ,886156                                            ,886156                                                 ,[]
15              ,69             ,TSP_CITIES_SET_69_N_15.json,TIME_AND_MEMORY    ,particle_swarm,nan      ,nan                   ,[]      ,False              ,nan                    ,nan                    ,[]         ,nan         ,PSO_POP_1000_ALPHA_0_9_BETA_0_3_NR_ITER_100,"{'suffix': 'PSO_POP_1000_ALPHA_0_9_BETA_0_3_NR_ITER_100', 'size_of_population': 1000, 'alpha': 0.9, 'beta': 0.3, 'max_iterations': 100}",nan                   ,nan                   ,nan                   ,nan                   ,1.716187699999864   ,0                                      ,1383                                        ,584460                                ,584460                                     ,584460                                            ,584460                                                 ,[]
15              ,70             ,TSP_CITIES_SET_70_N_15.json,TIME_AND_MEMORY    ,particle_swarm,nan      ,nan                   ,[]      ,False              ,nan                    ,nan                    ,[]         ,nan         ,PSO_POP_1000_ALPHA_0_9_BETA_0_3_NR_ITER_100,"{'suffix': 'PSO_POP_1000_ALPHA_0_9_BETA_0_3_NR_ITER_100', 'size_of_population': 1000, 'alpha': 0.9, 'beta': 0.3, 'max_iterations': 100}",nan                   ,nan                   ,nan                   ,nan                   ,1.9303944999992382  ,0                                      ,1383                                        ,637588                                ,637588                                     ,637588                                            ,637588                                                 ,[]
15              ,71             ,TSP_CITIES_SET_71_N_15.json,TIME_AND_MEMORY    ,particle_swarm,nan      ,nan                   ,[]      ,False              ,nan                    ,nan                    ,[]         ,nan         ,PSO_POP_1000_ALPHA_0_9_BETA_0_3_NR_ITER_100,"{'suffix': 'PSO_POP_1000_ALPHA_0_9_BETA_0_3_NR_ITER_100', 'size_of_population': 1000, 'alpha': 0.9, 'beta': 0.3, 'max_iterations': 100}",nan                   ,nan                   ,nan                   ,nan                   ,1.667876399999841   ,0                                      ,1383                                        ,564468                                ,564468                                     ,564468                                            ,564468                                                 ,[]
15              ,72             ,TSP_CITIES_SET_72_N_15.json,TIME_AND_MEMORY    ,particle_swarm,nan      ,nan                   ,[]      ,False              ,nan                    ,nan                    ,[]         ,nan         ,PSO_POP_1000_ALPHA_0_9_BETA_0_3_NR_ITER_100,"{'suffix': 'PSO_POP_1000_ALPHA_0_9_BETA_0_3_NR_ITER_100', 'size_of_population': 1000, 'alpha': 0.9, 'beta': 0.3, 'max_iterations': 100}",nan                   ,nan                   ,nan                   ,nan                   ,1.6916283000000476  ,0                                      ,1383                                        ,834260                                ,834260                                     ,834260                                            ,834260                                                 ,[]
15              ,73             ,TSP_CITIES_SET_73_N_15.json,TIME_AND_MEMORY    ,particle_swarm,nan      ,nan                   ,[]      ,False              ,nan                    ,nan                    ,[]         ,nan         ,PSO_POP_1000_ALPHA_0_9_BETA_0_3_NR_ITER_100,"{'suffix': 'PSO_POP_1000_ALPHA_0_9_BETA_0_3_NR_ITER_100', 'size_of_population': 1000, 'alpha': 0.9, 'beta': 0.3, 'max_iterations': 100}",nan                   ,nan                   ,nan                   ,nan                   ,1.6611867999999959  ,0                                      ,1383                                        ,550116                                ,550116                                     ,550116                                            ,550116                                                 ,[]
15              ,74             ,TSP_CITIES_SET_74_N_15.json,TIME_AND_MEMORY    ,particle_swarm,nan      ,nan                   ,[]      ,False              ,nan                    ,nan                    ,[]         ,nan         ,PSO_POP_1000_ALPHA_0_9_BETA_0_3_NR_ITER_100,"{'suffix': 'PSO_POP_1000_ALPHA_0_9_BETA_0_3_NR_ITER_100', 'size_of_population': 1000, 'alpha': 0.9, 'beta': 0.3, 'max_iterations': 100}",nan                   ,nan                   ,nan                   ,nan                   ,1.834311599999637   ,0                                      ,1383                                        ,626332                                ,626332                                     ,626332                                            ,626332                                                 ,[]
15              ,75             ,TSP_CITIES_SET_75_N_15.json,TIME_AND_MEMORY    ,particle_swarm,nan      ,nan                   ,[]      ,False              ,nan                    ,nan                    ,[]         ,nan         ,PSO_POP_1000_ALPHA_0_9_BETA_0_3_NR_ITER_100,"{'suffix': 'PSO_POP_1000_ALPHA_0_9_BETA_0_3_NR_ITER_100', 'size_of_population': 1000, 'alpha': 0.9, 'beta': 0.3, 'max_iterations': 100}",nan                   ,nan                   ,nan                   ,nan                   ,1.6562833999996656  ,0                                      ,1383                                        ,515484                                ,515484                                     ,515484                                            ,515484                                                 ,[]
15              ,76             ,TSP_CITIES_SET_76_N_15.json,TIME_AND_MEMORY    ,particle_swarm,nan      ,nan                   ,[]      ,False              ,nan                    ,nan                    ,[]         ,nan         ,PSO_POP_1000_ALPHA_0_9_BETA_0_3_NR_ITER_100,"{'suffix': 'PSO_POP_1000_ALPHA_0_9_BETA_0_3_NR_ITER_100', 'size_of_population': 1000, 'alpha': 0.9, 'beta': 0.3, 'max_iterations': 100}",nan                   ,nan                   ,nan                   ,nan                   ,1.8611591999997472  ,0                                      ,1383                                        ,499652                                ,499652                                     ,499652                                            ,499652                                                 ,[]
15              ,77             ,TSP_CITIES_SET_77_N_15.json,TIME_AND_MEMORY    ,particle_swarm,nan      ,nan                   ,[]      ,False              ,nan                    ,nan                    ,[]         ,nan         ,PSO_POP_1000_ALPHA_0_9_BETA_0_3_NR_ITER_100,"{'suffix': 'PSO_POP_1000_ALPHA_0_9_BETA_0_3_NR_ITER_100', 'size_of_population': 1000, 'alpha': 0.9, 'beta': 0.3, 'max_iterations': 100}",nan                   ,nan                   ,nan                   ,nan                   ,1.7100261999994473  ,0                                      ,1383                                        ,622436                                ,622436                                     ,622436                                            ,622436                                                 ,[]
15              ,78             ,TSP_CITIES_SET_78_N_15.json,TIME_AND_MEMORY    ,particle_swarm,nan      ,nan                   ,[]      ,False              ,nan                    ,nan                    ,[]         ,nan         ,PSO_POP_1000_ALPHA_0_9_BETA_0_3_NR_ITER_100,"{'suffix': 'PSO_POP_1000_ALPHA_0_9_BETA_0_3_NR_ITER_100', 'size_of_population': 1000, 'alpha': 0.9, 'beta': 0.3, 'max_iterations': 100}",nan                   ,nan                   ,nan                   ,nan                   ,1.5079917999992176  ,0                                      ,1383                                        ,503468                                ,503468                                     ,503468                                            ,503468                                                 ,[]
15              ,79             ,TSP_CITIES_SET_79_N_15.json,TIME_AND_MEMORY    ,particle_swarm,nan      ,nan                   ,[]      ,False              ,nan                    ,nan                    ,[]         ,nan         ,PSO_POP_1000_ALPHA_0_9_BETA_0_3_NR_ITER_100,"{'suffix': 'PSO_POP_1000_ALPHA_0_9_BETA_0_3_NR_ITER_100', 'size_of_population': 1000, 'alpha': 0.9, 'beta': 0.3, 'max_iterations': 100}",nan                   ,nan                   ,nan                   ,nan                   ,1.5161477999999988  ,0                                      ,1383                                        ,493812                                ,493812                                     ,493812                                            ,493812                                                 ,[]
15              ,80             ,TSP_CITIES_SET_80_N_15.json,TIME_AND_MEMORY    ,particle_swarm,nan      ,nan                   ,[]      ,False              ,nan                    ,nan                    ,[]         ,nan         ,PSO_POP_1000_ALPHA_0_9_BETA_0_3_NR_ITER_100,"{'suffix': 'PSO_POP_1000_ALPHA_0_9_BETA_0_3_NR_ITER_100', 'size_of_population': 1000, 'alpha': 0.9, 'beta': 0.3, 'max_iterations': 100}",nan                   ,nan                   ,nan                   ,nan                   ,1.9391715000001568  ,0                                      ,1383                                        ,756588                                ,756588                                     ,756588                                            ,756588                                                 ,[]
15              ,81             ,TSP_CITIES_SET_81_N_15.json,TIME_AND_MEMORY    ,particle_swarm,nan      ,nan                   ,[]      ,False              ,nan                    ,nan                    ,[]         ,nan         ,PSO_POP_1000_ALPHA_0_9_BETA_0_3_NR_ITER_100,"{'suffix': 'PSO_POP_1000_ALPHA_0_9_BETA_0_3_NR_ITER_100', 'size_of_population': 1000, 'alpha': 0.9, 'beta': 0.3, 'max_iterations': 100}",nan                   ,nan                   ,nan                   ,nan                   ,1.745142599999781   ,0                                      ,1383                                        ,570292                                ,570292                                     ,570292                                            ,570292                                                 ,[]
15              ,82             ,TSP_CITIES_SET_82_N_15.json,TIME_AND_MEMORY    ,particle_swarm,nan      ,nan                   ,[]      ,False              ,nan                    ,nan                    ,[]         ,nan         ,PSO_POP_1000_ALPHA_0_9_BETA_0_3_NR_ITER_100,"{'suffix': 'PSO_POP_1000_ALPHA_0_9_BETA_0_3_NR_ITER_100', 'size_of_population': 1000, 'alpha': 0.9, 'beta': 0.3, 'max_iterations': 100}",nan                   ,nan                   ,nan                   ,nan                   ,1.7761841000001368  ,0                                      ,1383                                        ,577252                                ,577252                                     ,577252                                            ,577252                                                 ,[]
15              ,83             ,TSP_CITIES_SET_83_N_15.json,TIME_AND_MEMORY    ,particle_swarm,nan      ,nan                   ,[]      ,False              ,nan                    ,nan                    ,[]         ,nan         ,PSO_POP_1000_ALPHA_0_9_BETA_0_3_NR_ITER_100,"{'suffix': 'PSO_POP_1000_ALPHA_0_9_BETA_0_3_NR_ITER_100', 'size_of_population': 1000, 'alpha': 0.9, 'beta': 0.3, 'max_iterations': 100}",nan                   ,nan                   ,nan                   ,nan                   ,1.784213500000078   ,0                                      ,1383                                        ,599404                                ,599404                                     ,599404                                            ,599404                                                 ,[]
15              ,84             ,TSP_CITIES_SET_84_N_15.json,TIME_AND_MEMORY    ,particle_swarm,nan      ,nan                   ,[]      ,False              ,nan                    ,nan                    ,[]         ,nan         ,PSO_POP_1000_ALPHA_0_9_BETA_0_3_NR_ITER_100,"{'suffix': 'PSO_POP_1000_ALPHA_0_9_BETA_0_3_NR_ITER_100', 'size_of_population': 1000, 'alpha': 0.9, 'beta': 0.3, 'max_iterations': 100}",nan                   ,nan                   ,nan                   ,nan                   ,1.8180763000000297  ,0                                      ,1383                                        ,657692                                ,657692                                     ,657692                                            ,657692                                                 ,[]
15              ,85             ,TSP_CITIES_SET_85_N_15.json,TIME_AND_MEMORY    ,particle_swarm,nan      ,nan                   ,[]      ,False              ,nan                    ,nan                    ,[]         ,nan         ,PSO_POP_1000_ALPHA_0_9_BETA_0_3_NR_ITER_100,"{'suffix': 'PSO_POP_1000_ALPHA_0_9_BETA_0_3_NR_ITER_100', 'size_of_population': 1000, 'alpha': 0.9, 'beta': 0.3, 'max_iterations': 100}",nan                   ,nan                   ,nan                   ,nan                   ,1.5327680000000328  ,0                                      ,1383                                        ,505652                                ,505652                                     ,505652                                            ,505652                                                 ,[]
15              ,86             ,TSP_CITIES_SET_86_N_15.json,TIME_AND_MEMORY    ,particle_swarm,nan      ,nan                   ,[]      ,False              ,nan                    ,nan                    ,[]         ,nan         ,PSO_POP_1000_ALPHA_0_9_BETA_0_3_NR_ITER_100,"{'suffix': 'PSO_POP_1000_ALPHA_0_9_BETA_0_3_NR_ITER_100', 'size_of_population': 1000, 'alpha': 0.9, 'beta': 0.3, 'max_iterations': 100}",nan                   ,nan                   ,nan                   ,nan                   ,1.5426754000000074  ,0                                      ,1383                                        ,536388                                ,536388                                     ,536388                                            ,536388                                                 ,[]
15              ,87             ,TSP_CITIES_SET_87_N_15.json,TIME_AND_MEMORY    ,particle_swarm,nan      ,nan                   ,[]      ,False              ,nan                    ,nan                    ,[]         ,nan         ,PSO_POP_1000_ALPHA_0_9_BETA_0_3_NR_ITER_100,"{'suffix': 'PSO_POP_1000_ALPHA_0_9_BETA_0_3_NR_ITER_100', 'size_of_population': 1000, 'alpha': 0.9, 'beta': 0.3, 'max_iterations': 100}",nan                   ,nan                   ,nan                   ,nan                   ,1.7280796000004557  ,0                                      ,1383                                        ,577476                                ,577476                                     ,577476                                            ,577476                                                 ,[]
15              ,88             ,TSP_CITIES_SET_88_N_15.json,TIME_AND_MEMORY    ,particle_swarm,nan      ,nan                   ,[]      ,False              ,nan                    ,nan                    ,[]         ,nan         ,PSO_POP_1000_ALPHA_0_9_BETA_0_3_NR_ITER_100,"{'suffix': 'PSO_POP_1000_ALPHA_0_9_BETA_0_3_NR_ITER_100', 'size_of_population': 1000, 'alpha': 0.9, 'beta': 0.3, 'max_iterations': 100}",nan                   ,nan                   ,nan                   ,nan                   ,1.550343900000371   ,0                                      ,1383                                        ,523532                                ,523532                                     ,523532                                            ,523532                                                 ,[]
15              ,89             ,TSP_CITIES_SET_89_N_15.json,TIME_AND_MEMORY    ,particle_swarm,nan      ,nan                   ,[]      ,False              ,nan                    ,nan                    ,[]         ,nan         ,PSO_POP_1000_ALPHA_0_9_BETA_0_3_NR_ITER_100,"{'suffix': 'PSO_POP_1000_ALPHA_0_9_BETA_0_3_NR_ITER_100', 'size_of_population': 1000, 'alpha': 0.9, 'beta': 0.3, 'max_iterations': 100}",nan                   ,nan                   ,nan                   ,nan                   ,1.803771200000483   ,0                                      ,1383                                        ,592420                                ,592420                                     ,592420                                            ,592420                                                 ,[]
15              ,90             ,TSP_CITIES_SET_90_N_15.json,TIME_AND_MEMORY    ,particle_swarm,nan      ,nan                   ,[]      ,False              ,nan                    ,nan                    ,[]         ,nan         ,PSO_POP_1000_ALPHA_0_9_BETA_0_3_NR_ITER_100,"{'suffix': 'PSO_POP_1000_ALPHA_0_9_BETA_0_3_NR_ITER_100', 'size_of_population': 1000, 'alpha': 0.9, 'beta': 0.3, 'max_iterations': 100}",nan                   ,nan                   ,nan                   ,nan                   ,1.875625200000286   ,0                                      ,1383                                        ,698932                                ,698932                                     ,698932                                            ,698932                                                 ,[]
15              ,91             ,TSP_CITIES_SET_91_N_15.json,TIME_AND_MEMORY    ,particle_swarm,nan      ,nan                   ,[]      ,False              ,nan                    ,nan                    ,[]         ,nan         ,PSO_POP_1000_ALPHA_0_9_BETA_0_3_NR_ITER_100,"{'suffix': 'PSO_POP_1000_ALPHA_0_9_BETA_0_3_NR_ITER_100', 'size_of_population': 1000, 'alpha': 0.9, 'beta': 0.3, 'max_iterations': 100}",nan                   ,nan                   ,nan                   ,nan                   ,1.840526999998474   ,0                                      ,1383                                        ,620148                                ,620148                                     ,620148                                            ,620148                                                 ,[]
15              ,92             ,TSP_CITIES_SET_92_N_15.json,TIME_AND_MEMORY    ,particle_swarm,nan      ,nan                   ,[]      ,False              ,nan                    ,nan                    ,[]         ,nan         ,PSO_POP_1000_ALPHA_0_9_BETA_0_3_NR_ITER_100,"{'suffix': 'PSO_POP_1000_ALPHA_0_9_BETA_0_3_NR_ITER_100', 'size_of_population': 1000, 'alpha': 0.9, 'beta': 0.3, 'max_iterations': 100}",nan                   ,nan                   ,nan                   ,nan                   ,1.5615373000000545  ,0                                      ,1383                                        ,500932                                ,500932                                     ,500932                                            ,500932                                                 ,[]
15              ,93             ,TSP_CITIES_SET_93_N_15.json,TIME_AND_MEMORY    ,particle_swarm,nan      ,nan                   ,[]      ,False              ,nan                    ,nan                    ,[]         ,nan         ,PSO_POP_1000_ALPHA_0_9_BETA_0_3_NR_ITER_100,"{'suffix': 'PSO_POP_1000_ALPHA_0_9_BETA_0_3_NR_ITER_100', 'size_of_population': 1000, 'alpha': 0.9, 'beta': 0.3, 'max_iterations': 100}",nan                   ,nan                   ,nan                   ,nan                   ,1.6407013000007282  ,0                                      ,1383                                        ,553460                                ,553460                                     ,553460                                            ,553460                                                 ,[]
15              ,94             ,TSP_CITIES_SET_94_N_15.json,TIME_AND_MEMORY    ,particle_swarm,nan      ,nan                   ,[]      ,False              ,nan                    ,nan                    ,[]         ,nan         ,PSO_POP_1000_ALPHA_0_9_BETA_0_3_NR_ITER_100,"{'suffix': 'PSO_POP_1000_ALPHA_0_9_BETA_0_3_NR_ITER_100', 'size_of_population': 1000, 'alpha': 0.9, 'beta': 0.3, 'max_iterations': 100}",nan                   ,nan                   ,nan                   ,nan                   ,1.583739700001388   ,0                                      ,1383                                        ,541476                                ,541476                                     ,541476                                            ,541476                                                 ,[]
15              ,95             ,TSP_CITIES_SET_95_N_15.json,TIME_AND_MEMORY    ,particle_swarm,nan      ,nan                   ,[]      ,False              ,nan                    ,nan                    ,[]         ,nan         ,PSO_POP_1000_ALPHA_0_9_BETA_0_3_NR_ITER_100,"{'suffix': 'PSO_POP_1000_ALPHA_0_9_BETA_0_3_NR_ITER_100', 'size_of_population': 1000, 'alpha': 0.9, 'beta': 0.3, 'max_iterations': 100}",nan                   ,nan                   ,nan                   ,nan                   ,1.902794300000096   ,0                                      ,1383                                        ,936644                                ,936644                                     ,936644                                            ,936644                                                 ,[]
15              ,96             ,TSP_CITIES_SET_96_N_15.json,TIME_AND_MEMORY    ,particle_swarm,nan      ,nan                   ,[]      ,False              ,nan                    ,nan                    ,[]         ,nan         ,PSO_POP_1000_ALPHA_0_9_BETA_0_3_NR_ITER_100,"{'suffix': 'PSO_POP_1000_ALPHA_0_9_BETA_0_3_NR_ITER_100', 'size_of_population': 1000, 'alpha': 0.9, 'beta': 0.3, 'max_iterations': 100}",nan                   ,nan                   ,nan                   ,nan                   ,1.7737245999996958  ,0                                      ,1383                                        ,647580                                ,647580                                     ,647580                                            ,647580                                                 ,[]
15              ,97             ,TSP_CITIES_SET_97_N_15.json,TIME_AND_MEMORY    ,particle_swarm,nan      ,nan                   ,[]      ,False              ,nan                    ,nan                    ,[]         ,nan         ,PSO_POP_1000_ALPHA_0_9_BETA_0_3_NR_ITER_100,"{'suffix': 'PSO_POP_1000_ALPHA_0_9_BETA_0_3_NR_ITER_100', 'size_of_population': 1000, 'alpha': 0.9, 'beta': 0.3, 'max_iterations': 100}",nan                   ,nan                   ,nan                   ,nan                   ,1.9170853000014176  ,0                                      ,1383                                        ,810492                                ,810492                                     ,810492                                            ,810492                                                 ,[]
15              ,98             ,TSP_CITIES_SET_98_N_15.json,TIME_AND_MEMORY    ,particle_swarm,nan      ,nan                   ,[]      ,False              ,nan                    ,nan                    ,[]         ,nan         ,PSO_POP_1000_ALPHA_0_9_BETA_0_3_NR_ITER_100,"{'suffix': 'PSO_POP_1000_ALPHA_0_9_BETA_0_3_NR_ITER_100', 'size_of_population': 1000, 'alpha': 0.9, 'beta': 0.3, 'max_iterations': 100}",nan                   ,nan                   ,nan                   ,nan                   ,1.6200358000005508  ,0                                      ,1383                                        ,512476                                ,512476                                     ,512476                                            ,512476                                                 ,[]
15              ,99             ,TSP_CITIES_SET_99_N_15.json,TIME_AND_MEMORY    ,particle_swarm,nan      ,nan                   ,[]      ,False              ,nan                    ,nan                    ,[]         ,nan         ,PSO_POP_1000_ALPHA_0_9_BETA_0_3_NR_ITER_100,"{'suffix': 'PSO_POP_1000_ALPHA_0_9_BETA_0_3_NR_ITER_100', 'size_of_population': 1000, 'alpha': 0.9, 'beta': 0.3, 'max_iterations': 100}",nan                   ,nan                   ,nan                   ,nan                   ,2.021473999999216   ,0                                      ,1383                                        ,605268                                ,605268                                     ,605268                                            ,605268                                                 ,[]
